PUBUKPRN,UKPRN,COUNTRY,PUBUKPRNCOUNTRY,TEFOutcome,APROutcome,SUURL,SUURLW
10000047,10001143,XF,XF,Did not participate,,http://ccsu.co.uk/,
10000055,10000055,XF,XF,Silver,,http://www.nus.org.uk/en/students-unions/abingdon-and-witney-college-students-union/,
10000163,10000163,XF,XF,Silver,,http://www.aecc.ac.uk/undergrad/su/suhome.aspx,
10000216,10000216,XF,XF,Did not participate,,https://www.allnations.ac.uk/community-life/student-representation,
10000248,10000248,XF,XF,Silver,,https://www.nus.org.uk,
10000291,10000291,XF,XF,Silver,,https://www.angliastudent.com,
10000381,10000381,XF,XF,Gold,,https://artsed.co.uk/students/acting-student-union/,
10000385,10000385,XF,XF,Gold,,http://www.aubsu.co.uk/,
10000415,10000415,XF,XF,Bronze,,https://www.askham-bryan.ac.uk/higher-education/student-life,
10000533,10000533,XF,XF,Bronze,,https://www.barnetsouthgate.ac.uk/courses/display/all/higher_education,
10000536,10000536,XF,XF,Did not participate,,https://www.barnsley.ac.uk/student-life/student-union/,
10000560,10007802,XF,XF,Did not participate,,http://www.rusu.co.uk/,
10000571,10000571,XF,XF,Silver,,http://www.bathspasu.co.uk/,
10000610,10000610,XF,XF,Did not participate,,http://www.bedford.ac.uk,
10000654,10000654,XF,XF,Did not participate,,http://www.bca.ac.uk/courses/higher-education/,
10000670,10000670,XF,XF,Did not participate,,https://www.bexhillcollege.ac.uk/,
10000712,10000712,XF,XF,Silver,,https://www.ucbguild.co.uk/,
10000720,10000720,XF,XF,Bronze,,https://bacoll.ac.uk/studentambassadors,
10000721,10000721,XF,XF,Bronze,,https://www.bishopburton.ac.uk/student-life/student-association,
10000747,10000747,XF,XF,Bronze,,http://su.blackburn.ac.uk/,
10000754,10000754,XF,XF,Gold,,https://www.blackpool.ac.uk/bsu,
10000812,10000812,XF,XF,Bronze,,http://www.boston.ac.uk/students/Pages/Experience-College.aspx,
10000820,10000820,XF,XF,Bronze,,https://www.thecollege.co.uk/student-life/students-union,
10000824,10000824,XF,XF,Silver,,http://www.subu.org.uk/,
10000840,10000840,XF,XF,Bronze,,https://www.bradfordcollege.ac.uk/help/knowledge-base/students-union/,
10000878,10000878,XF,XF,Silver,,http://www.bridgwater.ac.uk/collegeinformation.php?category=84&page=85,
10000886,10000886,XF,XF,Silver,,http://www.brightonsu.com/,
10000894,10000894,XF,XF,Provisional,,https://www.nus.org.uk/,
10000911,10007801,XF,XF,Did not participate,,http://www.upsu.com/,
10000936,10000936,XF,XF,Silver,,https://www.uco.ac.uk/life-uco/student-life/students-union,
10000944,10000944,XF,XF,Did not participate,,https://www.brock.ac.uk/the-college/additional-support/,
10000948,10000948,XF,XF,Silver,,https://www.lsec.ac.uk/higher-education/support-for-students,
10000950,10000950,XF,XF,Silver,,https://www.brooklands.ac.uk/college-life/student-services/student-union/,
10000952,10000952,XF,XF,Bronze,,https://he.brooksbymelton.ac.uk/student-experience/student-services/,
10000961,10000961,XF,XF,Silver,,https://brunelstudents.com/,
10000975,10000975,XF,XF,Silver,,http://www.bucksstudentsunion.org/,
10001000,10001000,XF,XF,Silver,,http://www.burnley.ac.uk/uclan/Student-Union,
10001004,10001004,XF,XF,Silver,,http://www.staffsunion.com,
10001005,10001005,XF,XF,Silver,,http://www.burycollegeunicentre.co.uk/,
10001093,10001093,XF,XF,Silver,,https://www.calderdale.ac.uk/student-life/students-union/,
10001143,10001143,XF,XF,Silver,,http://ccsu.co.uk/,
10001148,10005545,XF,XF,Did not participate,,https://www.rau.ac.uk/university-life/social/student-union,
10001165,10001165,XF,XF,Did not participate,,http://www.cardinalnewman.ac.uk/universitycourses/,
10001201,10003956,XF,XF,Did not participate,,http://www.hopesu.com/,
10001282,10001282,XF,XF,Silver,,https://www.mynsu.co.uk/,
10001378,10001378,XF,XF,Did not participate,,https://www.chesterfield.ac.uk/knowledge-base/student-union/,
10001386,10001386,XF,XF,Did not participate,,http://www.chickenshed.org.uk,
10001465,10001465,XF,XF,Silver,,http://www.bathcollege.ac.uk/college-life/students-union,
10001467,10001467,XF,XF,Silver,,http://www.cityofbristol.ac.uk,
10001475,10001475,XF,XF,Silver,,http://www.nus.org.uk/,
10001476,10001476,XF,XF,Did not participate,,http://www.cwc.ac.uk,
10001478,10001478,XF,XF,Silver,,http://www.city.ac.uk/alumni/benefits-and-services/students-union,
10001503,10001503,XF,XF,Gold,,https://northernart.ac.uk/study-with-us/hartlepool-campus/supporting-you/students-union/,
10001512,10007165,XF,XF,Did not participate,,http://www.uwsu.com/,
10001535,10001535,XF,XF,Silver,,http://www.colchester.ac.uk/students/students-union/,
10001546,10001546,XF,XF,Bronze,,http://www.acupuncturecollege.org.uk/info/bsc-acupuncture/student-support/,
10001653,10001653,XF,XF,Gold,,http://www.nus.org.uk,
10001696,10001696,XF,XF,Silver,,https://www.cornwall.ac.uk/student-support/students-union/,
10001726,10001726,XF,XF,Gold,,http://www.cusu.org/,
10001743,10001743,XF,XF,Did not participate,,https://www.craven-college.ac.uk/course-search/degrees/,
10001778,10001778,XF,XF,Did not participate,,https://croydon.ac.uk/student-life/,
10001850,10007161,XF,XF,Did not participate,,http://www.tees-su.org.uk/,
10001883,10001883,XF,XF,Gold,,http://www.demontfortstudents.com,
10001919,10001919,XF,XF,Silver,,http://www.dcsu.co.uk/,
10002011,10007146,XF,XF,Did not participate,,http://www.suug.co.uk/,
10002061,10002061,XF,XF,Silver,,http://www.centralbeds.ac.uk,
10002094,10002094,XF,XF,Provisional,,https://www.wlc.ac.uk/student-life/life/student-union,
10002107,10002107,XF,XF,Did not participate,,https://www.windsor-forest.ac.uk/,
10002130,10002130,XF,XF,Bronze,,https://www.esc.ac.uk/support-for-learning-in-higher-education,
10002344,10002344,XF,XF,Did not participate,,https://www.eso.ac.uk/student-experience/,
10002370,10002370,XF,XF,Gold,,http://www.exe-coll.ac.uk/HE,
10002412,10002412,XF,XF,Bronze,,https://www.farn-ct.ac.uk/university-centre-farnborough/fees-support-for-degrees-and-higher-education/,
10002599,10002599,XF,XF,Silver,,http://www.furness.ac.uk/,
10002638,10002638,XF,XF,Silver,,http://www.gateshead.ac.uk/student-services/students-union/,
10002681,10002681,XH,XH,Did not participate,,https://m.facebook.com/gsastudentsassociation/?locale2=en_GB,
10002696,10002696,XF,XF,Did not participate,,http://www.gloscol.ac.uk/student-and-parent-guide/the-students-union/overview/,
10002718,10002718,XF,XF,Bronze,,http://www.goldsmithssu.org/,
10002743,10002743,XF,XF,Silver,,http://www.grantham.ac.uk/student-life/,
10002767,10003957,XF,XF,Did not participate,,http://www.jmsu.co.uk,
10002843,10007146,XF,XF,Bronze,,http://www.suug.co.uk/,
10002852,10002852,XF,XF,Silver,,https://www.halesowen.ac.uk/learners/student-union/,
10002863,10002863,XF,XF,Gold,,https://www.riversidecollege.ac.uk/higher-education/he-student-support/,
10002899,10002899,XF,XF,Did not participate,,https://www.harlow-college.ac.uk,
10002917,10007161,XF,XF,Did not participate,,http://www.tees-su.org.uk/,
10002923,10002923,XF,XF,Bronze,,https://www.brightonsu.com,
10003010,10003010,XF,XF,Did not participate,,http://www.coventrycollege.ac.uk/life/student-council/,
10003022,10003022,XF,XF,Silver,,https://www.hca.ac.uk/life-at-hca/student-union,
10003023,10003023,XF,XF,Silver,,http://www.hlcollege.ac.uk/Student/learner-services.html,
10003035,10003035,XF,XF,Silver,,http://www.hrc.ac.uk/,
10003146,10003146,XF,XF,Bronze,,http://www.hopwood.ac.uk/19-plus-students/higher-education/,
10003188,10007141,XF,XF,Did not participate,,http://www.uclansu.co.uk/,
10003193,10003193,XF,XF,Gold,,http://www.nus.org.uk/en/,
10003200,10003200,XF,XF,Bronze,,http://www.hcsu.co.uk/,
10003212,10003212,XF,XF,Did not participate,,https://www.hsalondonug.com/,
10003239,10003239,XF,XF,Silver,,https://www.iconcollege.ac.uk/Page/70,
10003270,10003270,XF,XF,Gold,,https://www.imperialcollegeunion.org/,
10003336,10007977,XF,XF,Did not participate,,http://www.howcollege.ac.uk,
10003425,10007144,XF,XF,Did not participate,,https://www.uelunion.org/,
10003558,10003558,XF,XF,Did not participate,,http://www.uclansu.co.uk/,
10003614,10003614,XF,XF,Silver,,https://www.winchester.ac.uk/accommodation-and-winchester-life/student-life/winchester-student-union/,
10003645,10003645,XF,XF,Silver,,http://www.kclsu.org,
10003674,10003674,XF,XF,Bronze,,https://kingston-college.ac.uk/undergraduate/students-union,
10003676,10003676,XF,XF,Bronze,,https://www.kmc.ac.uk/college/information/student-information/student-council/,
10003678,10003678,XF,XF,Bronze,,http://www.kusu.co.uk/,
10003753,10003753,XF,XF,Did not participate,,http://www.lcwc.ac.uk/support/association/,
10003758,10003758,XF,XF,Gold,,https://www.nus.org.uk/en/students-unions/london-academy-of-music--dramatic-art-students-union/,
10003798,10003798,XF,XF,Did not participate,,https://www.cordonbleu.edu/london/home/en,
10003854,10003854,XF,XF,Silver,,http://www.leeds-art.ac.uk/life-in-leeds/students-union/,
10003855,10003855,XF,XF,Did not participate,,http://www.lcb.ac.uk/leeds-college/college-life/student-union,
10003861,10003861,XF,XF,Silver,,http://www.leedsbeckettsu.co.uk/,
10003863,10003863,XF,XF,Silver,,http://www.leedstrinity.ac.uk/student-life/students-union,
10003867,10003867,XF,XF,Gold,,https://leicestercollege.ac.uk/college-life/student-union/,
10003928,10003928,XF,XF,Silver,,,
10003945,10003945,XF,XF,Gold,,https://www.lipa.ac.uk/life-at-lipa/student-event-board,
10003955,10003955,XF,XF,Silver,,https://www.liv-coll.ac.uk/life-at-the-college/personal-development/student-union/,
10003956,10003956,XF,XF,Gold,,http://www.hopesu.com/,
10003957,10003957,XF,XF,Silver,,http://www.jmsu.co.uk,
10004035,10004035,XF,XF,Did not participate,,https://www.derbyunion.co.uk/,
10004048,10004048,XF,XF,Bronze,,http://www.londonmetsu.org.uk/,
10004061,10004061,XF,XF,Did not participate,,http://www.bil-guild.org/,
10004063,10004063,XF,XF,Bronze,,https://www.lsesu.com,
10004075,10004075,XF,XF,Did not participate,,https://www.nus.org.uk/,
10004078,10004078,XF,XF,Silver,,http://www.lsbu.ac.uk/student-life/students-union,
10004079,10004079,XF,XF,Gold,,https://www.nus.org.uk/,
10004112,10004112,XF,XF,Gold,,http://www.lsu.co.uk,
10004113,10004113,XF,XF,Gold,,http://www.lsu.co.uk/,
10004116,10014001,XF,XF,Did not participate,,http://www.uosunion.org/,
10004144,10004144,XF,XF,Provisional,,http://he.macclesfield.ac.uk/,
10004180,10004180,XF,XF,Silver,,https://www.theunionmmu.org/,
10004202,10007144,XF,XF,Did not participate,,https://www.uelunion.org/,
10004320,10004320,XF,XF,Bronze,,http://www.metanoia.ac.uk/student-representatives/,
10004344,10004344,XF,XF,Gold,,https://www.nus.org.uk/,
10004351,10004351,XF,XF,Silver,,http://www.mdxsu.com/,
10004375,10004375,XF,XF,Bronze,,https://www.mkcollege.https://www.mkcollege.ac.uk/student-support-and-experience/student-voice,
10004432,10004432,XF,XF,Provisional,,https://www.morleycollege.ac.uk/student-representation,
10004442,10004442,XF,XF,Did not participate,,http://www.moulton.ac.uk/the-college/life-at-moulton/studying-at-moulton/student-association,
10004450,10004450,XF,XF,Did not participate,,https://www.mountview.org.uk/courses/life-at-mountview/students-union/,
10004478,10004478,XF,XF,Gold,,https://en-gb.facebook.com/myerscoughstudentunion/,
10004538,10004538,XF,XF,Silver,,https://nazarene.ac.uk/course/ba-hons-theology/,
10004552,10004552,XF,XF,Did not participate,,http://www.nelson.ac.uk,
10004576,10004576,XF,XF,Silver,,http://www.newcollegedurham.ac.uk/the-college/students-union/,
10004577,10004577,XF,XF,Did not participate,,https://www.nottinghamcollege.ac.uk/life-at-college/practical-help/student-support,
10004579,10004579,XF,XF,Did not participate,,https://he.newcollege.ac.uk/students/student-support,
10004596,10004596,XF,XF,Did not participate,,http://www.newbury-college.ac.uk/,
10004599,10004599,XF,XF,Silver,,https://www.ncl-coll.ac.uk/the-college/student-union,
10004676,10004676,XF,XF,Silver,,https://www.petroc.ac.uk/he,
10004686,10004686,XF,XF,Did not participate,,http://www.nescot.ac.uk/higher-education/,
10004690,10007147,XF,XF,Silver,,http://www.hertfordshire.su/,
10004695,10004695,XF,XF,Did not participate,,https://www.don.ac.uk/student-area/student-union/,
10004718,10004718,XF,XF,Did not participate,,http://www.nwhc.ac.uk,
10004736,10004736,XF,XF,Silver,,https://www.gbmc.ac.uk/,
10004740,10004740,XF,XF,Bronze,,https://nca.ac.uk/the-college/student-union,
10004772,10004772,XF,XF,Bronze,,https://www.ccn.ac.uk/student-experience/students-union/,
10004775,10004775,XF,XF,Gold,,https://www.nuasu.co.uk/,
10004797,10004797,XF,XF,Gold,,http://www.trentstudents.org,
10004835,10004835,XF,XF,Silver,,https://www.herts.ac.uk/life,
10004927,10004927,XF,XF,Silver,,https://www.activatelearning.ac.uk/experience/student-life/student-union,
10004930,10004930,XF,XF,Silver,,http://www.brookesunion.org.uk/,
10005032,10005032,XF,XF,Bronze,,http://www.salfordcc.ac.uk,
10005072,10005072,XF,XF,Silver,,https://ahed.psc.ac.uk/website/psapps/Default.aspx,
10005124,10005124,XF,XF,Did not participate,,https://www.plumpton.ac.uk/student-info/student-union/,
10005127,10005127,XF,XF,Bronze,,http://www.plymouthart.ac.uk/studying/students-union/,
10005128,10005128,XF,XF,Gold,,http://www.cityplym.ac.uk/su,
10005200,10005200,XF,XF,Bronze,,https://www.preston.ac.uk/studentservices/,
10005337,10005337,XH,XH,Did not participate,,http://qmusu.org.uk/,
10005343,10005343,XG,XG,Did not participate,Meets requirements,http://www.qubsu.org/,
10005389,10005389,XF,XF,Silver,,http://ravesu.co.uk/,
10005404,10005404,XF,XF,Silver,,https://ucreaseheath.ac.uk/undergraduate-study/student-life/#student-association,
10005451,10005451,XF,XF,Provisional,,https://arden.ac.uk/studying-with-us/why-arden/student-support/students-union,
10005455,10007146,XF,XF,Did not participate,,http://www.suug.co.uk/,
10005469,10005469,XF,XF,Did not participate,,https://www.rutc.ac.uk/our-courses/higher-education.html,
10005470,10005470,XF,XF,Provisional,,https://www.richmond.ac.uk/studentgovernment,
10005500,10005500,XH,XH,Gold,,http://www.rguunion.co.uk,
10005523,10005523,XF,XF,Gold,,https://www.bruford.ac.uk/study/whilst-here/student-life/,
10005534,10005534,XF,XF,Gold,,http://www.rotherham.ac.uk/HigherEducation,
10005544,10005544,XF,XF,Did not participate,,https://www.nus.org.uk,
10005545,10005545,XF,XF,Silver,,https://www.rau.ac.uk/university-life/social/student-union,
10005553,10005553,XF,XF,Silver,,http://www.su.rhul.ac.uk/,
10005561,10005561,XH,XH,Did not participate,,https://www.rcs.ac.uk/studyhere/studentsupport/bystudentsforstudents/,
10005583,10005583,XF,XF,Did not participate,,https://www.ruskin.ac.uk/study-here/student-life/students-union/,
10005669,10007166,XF,XF,Did not participate,,http://wlv.ac.uk/su,
10005700,10005700,XH,XH,Did not participate,,http://www.sruc.ac.uk/info/120377/students_association,
10005736,10005736,XF,XF,Silver,,https://www.uspcollege.ac.uk/life-at-college/student-union/,
10005741,10005741,XF,XF,Silver,,https://selby.ac.uk/studying-at-selby-college/college-life/,
10005788,10005788,XF,XF,Did not participate,,http://www.sheffcol.ac.uk/college-life/student-union,
10005790,10005790,XF,XF,Silver,,https://www.shu.ac.uk/study-here/student-life/your-union,
10005822,10005822,XF,XF,Bronze,,http://www.nus.org.uk/,
10005946,10005946,XF,XF,Silver,,http://www.solihull.ac.uk/courses.php?id=uni__level_learner&uid=Student_Services,
10005967,10005967,XF,XF,Bronze,,https://www.sccb.ac.uk/university-level/student-support,
10005972,10005972,XF,XF,Did not participate,,https://www.ccsw.ac.uk/student-life/student-voice,
10005977,10005977,XF,XF,Gold,,https://www.ucsd.ac.uk,
10005979,10005979,XF,XF,Did not participate,,https://www.hsdc.ac.uk/,
10005981,10005981,XF,XF,Bronze,,https://www.southessex.ac.uk/services-and-support/student-union,
10005998,10005998,XF,XF,Bronze,,http://www.trafford.ac.uk,
10005999,10005999,XF,XF,Silver,,http://www.stc.ac.uk/page/students-union,
10006020,10006020,XF,XF,Did not participate,,http://www.southampton-city.ac.uk,
10006022,10006022,XF,XF,Silver,,http://www.solentsu.co.uk/,
10006038,10006038,XF,XF,Bronze,,http://southport.ac.uk/StudentServices/index.asp,
10006050,10006050,XF,XF,Gold,,http://www.nus.org.uk/en/students-unions/,
10006093,10006093,XF,XF,Provisional,,https://www.spurgeons.ac.uk/wp-content/uploads/Documents/Policies_Procedures/Student-Voice-Guidelines.pdf,
10006174,10006174,XF,XF,Did not participate,,http://www.sthelens.ac.uk,
10006226,10006226,XF,XF,Bronze,,https://www.stmarysblackburn.ac.uk,
10006299,10006299,XF,XF,Gold,,http://www.staffsunion.com,
10006341,10007161,XF,XF,Did not participate,,http://www.tees-su.org.uk/,
10006349,10006299,XF,XF,Did not participate,,http://www.staffsunion.com,
10006378,10006378,XF,XF,Silver,,http://www.strode-college.ac.uk/college-info/students-association/what-we-do/,
10006398,10014001,XF,XF,Did not participate,,http://www.uosunion.org/,
10006427,10006427,XF,XF,Gold,,https://ucasu.com/,
10006442,10006442,XF,XF,Did not participate,,https://www.bmet.ac.uk/student-experience/extra-curricular/,
10006494,10006494,XF,XF,Did not participate,,http://www.tameside.ac.uk/Pages/Higher_Education/student_voice.aspx,
10006549,10006549,XF,XF,Did not participate,,https://www.telfordcollege.ac.uk/university-level,
10006566,10006566,XF,XF,Silver,,http://www.uwlsu.com,
10006570,10006570,XF,XF,Did not participate,,https://www.ekcgroup.ac.uk/life-canterbury/students-union,
10006770,10006770,XF,XF,Silver,,https://www.oldham.ac.uk/college-life/student-union/,
10006840,10006840,XF,XF,Gold,,http://www.birmingham.ac.uk/students/birmingham/guild.aspx,
10006841,10006841,XF,XF,Silver,,http://www.boltonsu.com/,
10006842,10006842,XF,XF,Silver,,https://www.liverpoolguild.org/,
10006963,10006963,XF,XF,Silver,,https://www.ncclondon.ac.uk/higher-education,
10007063,10007063,XF,XF,Gold,,https://www.truro-penwith.ac.uk/what-to-study/higher-education/student-support,
10007114,10007114,XH,XH,Did not participate,,http://www.hisa.uhi.ac.uk,
10007137,10007137,XF,XF,Silver,,http://www.ucsu.org/,
10007138,10007138,XF,XF,Gold,,http://www.northampton.ac.uk/about-us/services-and-facilities/students-union/,
10007139,10007139,XF,XF,Silver,,http://www.worcsu.com,
10007140,10007140,XF,XF,Silver,,https://www.bcusu.com/,
10007141,10007141,XF,XF,Silver,,http://www.uclansu.co.uk/,
10007143,10007143,XF,XF,Gold,,https://www.durhamsu.com/,
10007144,10007144,XF,XF,Bronze,,https://www.uelunion.org/,
10007145,10007145,XF,XF,Silver,,http://www.yourstudentsunion.com/,
10007146,10007146,XF,XF,Silver,,http://www.suug.co.uk/,
10007147,10007147,XF,XF,Gold,,http://www.hertfordshire.su/,
10007148,10007148,XF,XF,Gold,,https://www.huddersfield.su/advice,
10007149,10007149,XF,XF,Silver,,https://hullstudent.com/,
10007150,10007150,XF,XF,Gold,,https://kentunion.co.uk/,
10007151,10007151,XF,XF,Gold,,http://www.lincolnsu.com/advice,
10007152,10007152,XF,XF,Silver,,http://www.bedssu.co.uk/,
10007154,10007154,XF,XF,Gold,,http://www.uonsu-success.co.uk/about-us/,
10007155,10007155,XF,XF,Gold,,https://www.upsu.net/,
10007156,10007156,XF,XF,Bronze,,http://www.salfordstudents.com/,
10007157,10007157,XF,XF,Silver,,http://su.sheffield.ac.uk/,
10007158,10007158,XF,XF,Silver,,http://www.susu.org/,
10007159,10007159,XF,XF,Silver,,http://www.sunderlandsu.co.uk/,
10007160,10007160,XF,XF,Gold,,https://www.ussu.co.uk/,
10007161,10007161,XF,XF,Silver,,http://www.tees-su.org.uk/,
10007162,10007162,XF,XF,Silver,,https://www.arts-su.com/contact,
10007163,10007163,XF,XF,Silver,,http://www.warwicksu.com,
10007164,10007164,XF,XF,Gold,,http://www.uwesu.org/,
10007165,10007165,XF,XF,Bronze,,http://www.uwsu.com/,
10007166,10007166,XF,XF,Silver,,http://wlv.ac.uk/su,
10007167,10007167,XF,XF,Gold,,http://www.yusu.org/,
10007289,10007289,XF,XF,Silver,,http://www.nus.org.uk/en/students-unions/,
10007361,10007361,XF,XF,Provisional,,https://www.waverleyabbeycollege.ac.uk/about/college-life/,
10007417,10007417,XF,XF,Silver,,https://www.westherts.ac.uk/student-life/,
10007419,10007146,XF,XF,Did not participate,,http://www.suug.co.uk/,
10007431,10007431,XF,XF,Did not participate,,http://www.uosunion.org/,
10007455,10007455,XF,XF,Did not participate,,https://www.capitalccghe.co.uk/student-life/,
10007459,10007459,XF,XF,Gold,,http://www.ucw.ac.uk/students/get-involved/,
10007469,10007469,XF,XF,Did not participate,,https://www.weymouth.ac.uk/,
10007500,10007500,XF,XF,Silver,,https://www.nus.org.uk/en/students-unions/wigan--leigh-college-students-union/,
10007527,10007527,XF,XF,Bronze,,http://www.wiltshire.ac.uk/studentlife/studentunion/parliament.asp,
10007553,10007553,XF,XF,Did not participate,,http://wmc.ac.uk/the-college/about-wirral-met-college/232-students-union,
10007578,10007578,XF,XF,Did not participate,,http://www.http://wolvcoll.ac.uk/union/,
10007657,10007657,XF,XF,Bronze,,http://www.writtle.ac.uk/Students'-Union,
10007682,10007798,XF,XF,Did not participate,,http://manchesterstudentsunion.com/,
10007696,10007696,XF,XF,Provisional,,https://www.yeovil.ac.uk/StudentLife/StudentUnion.html,
10007709,10007709,XF,XF,Silver,,https://www.nus.org.uk/en/students-unions/york-college-students-union/,
10007713,10007713,XF,XF,Bronze,,http://ysjsu.com/,
10007759,10007759,XF,XF,Gold,,https://www.astonsu.com/,
10007760,10007760,XF,XF,Silver,,http://www.birkbeckunion.org/,
10007761,10007761,XF,XF,Silver,,http://www.courtauldsu.com,
10007762,10007762,XH,XH,Did not participate,,http://www.gcu.ac.uk/kis/studentsassociation,
10007764,10007764,XH,XH,Silver,,https://www.hwunion.com/,
10007767,10007767,XF,XF,Gold,,http://www.keelesu.com/,
10007768,10007768,XF,XF,Gold,,http://www.lancaster.ac.uk/study/teaching-and-learning/students-union-support/,
10007772,10007772,XH,XH,Did not participate,,http://napierstudents.com/,
10007773,10007773,XF,XF,Did not participate,,http://www.open.ac.uk/ousa/,
10007774,10007774,XF,XF,Gold,,http://www.ousu.org,
10007775,10007775,XF,XF,Silver,,http://www.qmsu.org,
10007776,10007776,XF,XF,Silver,,http://www.roehamptonstudent.com/student-support/,
10007778,10007778,XF,XF,Gold,,https://www.rcm.ac.uk/life/studentsupport/su/,
10007779,10007779,XF,XF,Gold,,https://www.rvcsu.org.uk/union/,
10007780,10007780,XF,XF,Silver,,http://soasunion.org/,
10007782,10007782,XF,XF,Bronze,,https://www.sgsu.org.uk,
10007783,10007783,XH,XH,Did not participate,,http://www.ausa.org.uk/,
10007784,10007784,XF,XF,Silver,,http://uclu.org/,
10007785,10007785,XF,XF,Silver,,https://www.bradfordunisu.co.uk/,
10007786,10007786,XF,XF,Silver,,http://www.bristolsu.org.uk/,
10007787,10007787,XF,XF,Gold,,http://www.buckingham.ac.uk/life/social/su,
10007788,10007788,XF,XF,Gold,,https://www.cambridgesu.co.uk/,
10007789,10007789,XF,XF,Gold,,https://www.uea.su/,
10007790,10007790,XH,XH,Did not participate,,http://www.eusa.ed.ac.uk/,
10007791,10007791,XF,XF,Gold,,http://www.essexstudent.com,
10007792,10007792,XF,XF,Gold,,http://www.exeter.ac.uk/students/guild/,
10007793,10007793,XI,XI,Did not participate,,https://www.uswsu.com/,
10007794,10007794,XH,XH,Did not participate,,https://www.gla.ac.uk/myglasgow/studentsrepresentativecouncil/,
10007795,10007795,XF,XF,Gold,,https://www.luu.org.uk,
10007796,10007796,XF,XF,Silver,,http://leicesterunion.com/about,
10007798,10007798,XF,XF,Silver,,http://manchesterstudentsunion.com/,
10007799,10007799,XF,XF,Gold,,http://www.ncl.ac.uk/undergraduate/life/union/,
10007800,10007800,XH,XH,Did not participate,,http://www.sauws.org.uk/,
10007801,10007801,XF,XF,Silver,,http://www.upsu.com/,
10007802,10007802,XF,XF,Silver,,http://www.rusu.co.uk/,
10007803,10007803,XH,XH,Gold,,http://www.st-andrews.ac.uk/study/why/life/students-association/,
10007804,10007804,XH,XH,Did not participate,,http://www.stir.ac.uk/campus-life/the-students-union/,
10007805,10007805,XH,XH,Did not participate,,https://www.strathunion.com/,
10007806,10007806,XF,XF,Silver,,http://www.sussex.ac.uk/study/ug/studentlife,
10007807,10007807,XG,XG,Did not participate,Meets requirements,http://www.uusu.org/,
10007811,10007811,XF,XF,Gold,,http://www.bgsu.co.uk/,
10007812,10007812,XF,XF,Did not participate,,https://www.ulipsu.eu,
10007814,10007814,XI,XI,Silver,,http://www.cardiffstudents.com/,http://www.cardiffstudents.com/
10007816,10007816,XF,XF,Gold,,https://www.centralsu.com/,
10007817,10007817,XF,XF,Silver,,https://www.chichestercollegegroup.ac.uk/,
10007820,10007820,XI,XI,Did not participate,,https://www.gllm.ac.uk/learner-information/learner-services-and-support/?LangType=2057,https://www.gllm.ac.uk/learner-information/learner-services-and-support/?LangType=1106
10007823,10007823,XF,XF,Gold,,http://www.edgehillsu.org.uk/,
10007825,10007825,XF,XF,Gold,,http://www.gsmd.ac.uk/about_the_school/shared_left_nav/life_at_the_school/students_union/,
10007832,10007832,XF,XF,Silver,,http://www.newmansu.org,
10007833,10007833,XI,XI,Silver,,http://www.studentsguild.glyndwr.ac.uk/,http://www.studentsguild.glyndwr.ac.uk/
10007834,10007858,XI,XI,Did not participate,,http://www.tsdsu.co.uk/,http://www.tsdsu.co.uk/
10007835,10007835,XF,XF,Gold,,https://www.ram.ac.uk/student-life/student-union,
10007837,10007837,XF,XF,Gold,,https://www.rncm.ac.uk/study-here/students-union/,
10007838,10007793,XI,XI,Did not participate,,https://www.uswsu.com/,
10007839,10007839,XF,XF,Bronze,,http://www.sae.edu/gbr/student-voice,
10007842,10007842,XF,XF,Bronze,,http://www.ucsu.me,
10007843,10007843,XF,XF,Silver,,http://www.stmaryssu.co.uk/,
10007848,10007848,XF,XF,Silver,,http://www.chestersu.com/,
10007849,10007849,XH,XH,Silver,,http://www.abertaysa.com/,
10007850,10007850,XF,XF,Gold,,http://www.bathstudent.com/,
10007851,10007851,XF,XF,Gold,,http://www.derbyunion.co.uk/,
10007852,10007852,XH,XH,Gold,,https://www.dusa.co.uk/,
10007854,10007854,XI,XI,Silver,,http://www.cardiffmetsu.co.uk/,http://www.cardiffmetsu.co.uk/
10007855,10007855,XI,XI,Gold,,https://www.swansea-union.co.uk/,https://www.swansea-union.co.uk/
10007856,10007856,XI,XI,Gold,,http://www.abersu.co.uk/,http://www.umaber.co.uk/
10007857,10007857,XI,XI,Gold,,https://www.undebbangor.com/,https://cy.undebbangor.com/
10007858,10007858,XI,XI,Silver,,http://www.tsdsu.co.uk/,http://www.tsdsu.co.uk/
10007859,10007859,XF,XF,Bronze,,http://wcg.ac.uk/su/,
10007912,10007912,XF,XF,Provisional,,https://cliffcollege.ac.uk/study/community-life,
10007924,10007924,XF,XF,Did not participate,,http://www.dudley.ac.uk/,
10007928,10007928,XF,XF,Bronze,,https://www.fareham.ac.uk/higher-education/,
10007938,10007938,XF,XF,Silver,,http://www.ucgstudentunion.co.uk,
10007977,10007977,XF,XF,Did not participate,,http://www.howcollege.ac.uk,
10008010,10008010,XG,XG,Did not participate,Meets requirements,https://www.stran.ac.uk/student-life/students-union/,
10008017,10008017,XF,XF,Silver,,https://www.trinitylaban.ac.uk/student-life,
10008026,10008026,XG,XG,Did not participate,Meets requirements,http://www.smucb.ac.uk/academic/students/union.asp,
10008071,10008071,XF,XF,Did not participate,,https://www.aaschool.ac.uk/students,
10008119,10007793,XI,XI,Did not participate,,https://www.uswsu.com/,
10008119,10007854,XI,XI,Did not participate,,http://www.cardiffmetsu.co.uk/,http://www.cardiffmetsu.co.uk/
10008173,10008173,XF,XF,Provisional,,https://www.nus.org.uk/,
10008289,10008289,XF,XF,Silver,,https://www.studentcentral.london,
10008325,10008325,XF,XF,Provisional,,https://www.nus.org.uk/,
10008397,10008397,XF,XF,Gold,,https://nus.org.uk,
10008430,10007137,XF,XF,Did not participate,,http://www.ucsu.org/,
10008455,10008455,XF,XF,Bronze,,https://www.rcl.ac.uk/studying-at-regent/student-support/national-union-of-students-nus/,
10008640,10008640,XF,XF,Gold,,http://www.fxu.org.uk,
10008912,10007793,XI,XI,Did not participate,,https://www.uswsu.com/,
10008914,10007793,XI,XI,Did not participate,,https://www.uswsu.com/,
10009099,10006840,XF,XF,Did not participate,,http://www.birmingham.ac.uk/students/birmingham/guild.aspx,
10009186,10007805,XH,XH,Did not participate,,https://www.strathunion.com/,
10009213,10008640,XF,XF,Did not participate,,http://www.fxu.org.uk,
10009292,10009292,XF,XF,Gold,,,
10009527,10009527,XF,XF,Did not participate,,https://www.istitutomarangoni.com/en/campus/london/,
10009612,10009612,XF,XF,Bronze,,http://lutherkinghouse.org.uk/why-study-at-lkh/community-life/facilities/,
10009614,10009614,XI,XI,Silver,,https://www.nptcgroup.ac.uk/student-zone/student-union/,https://www.nptcgroup.ac.uk/cy/parth-myfyrwr/undeb-y-myfyrwyr/
10009619,10007793,XI,XI,Did not participate,,https://www.uswsu.com/,
10010227,10010227,XF,XF,Did not participate,,https://www.oakhill.ac.uk/student-committee,
10010308,10010308,XF,XF,Did not participate,,https://www.nus.org.uk/,
10010457,10007141,XF,XF,Did not participate,,http://www.uclansu.co.uk/,
10013109,10013109,XF,XF,Did not participate,,http://lbbaglobal.com/student_support.html,
10014001,10014001,XF,XF,Bronze,,http://www.uosunion.org/,
10015506,10015506,XF,XF,Bronze,,https://www.nus.org.uk/en/who-we-are/,
10015688,10015688,XF,XF,Did not participate,,,
10019178,10019178,XF,XF,Silver,,https://www.pointblankmusicschool.com/quality-and-governance/student-feedback-and-enhancement/,
10020416,10020416,XF,XF,Bronze,,https://www.nus.org.uk/,
10020858,10004797,XF,XF,Did not participate,,http://www.trentstudents.org,
10020936,10007166,XF,XF,Did not participate,,http://wlv.ac.uk/su,
10021100,10021100,XF,XF,Did not participate,,http://www.regents-tc.ac.uk/student-support/,
10021682,10021682,XF,XF,Gold,,https://www.essexstudent.com/,
10022022,10000291,XF,XF,Did not participate,,https://www.angliastudent.com,
10022047,10022047,XF,XF,Did not participate,,https://web.empirecollege.london/student-welfare-services/,
10022087,10022087,XF,XF,Silver,,http://uclan.unioncloud.org/,
10022285,10022285,XF,XF,Bronze,,https://lsme.ac.uk/students/student-engagement,
10023139,10023139,XF,XF,Silver,,https://ucenmcr.tmc.ac.uk/life/student-union,
10023434,10023434,XF,XF,Did not participate,,http://lsci.org.uk/index.php?option=com_content&view=article&id=92&Itemid=60,
10023442,10023442,XF,XF,Did not participate,,,
10023452,10023452,XF,XF,Silver,,https://www.mihe.ac.uk/student-information,
10023453,10023453,XF,XF,Did not participate,,https://matrix.ac.uk/student-life/,
10023454,10023454,XF,XF,Silver,,https://www.moorlands.ac.uk/studying/student-experience/student-council,
10023456,10023456,XF,XF,Did not participate,,https://www.newbold.ac.uk/student-life/newbold-student-association/,
10023458,10023458,XF,XF,Did not participate,,http://www.staffsunion.com/,
10023464,10023464,XF,XF,Did not participate,,https://www.trinitycollegebristol.ac.uk/kingdom-living/community-life/,
10023777,10023777,XF,XF,Silver,,http://mrsu.uk/,
10023871,10023871,XF,XF,Did not participate,,https://www.resultsco.org.uk/support-services/,
10024024,10024024,XF,XF,Did not participate,,https://centralfilmschool.com/wp-content/uploads/2020/04/Student-Council-ToR-.pdf,
10024962,10024962,XF,XF,Bronze,,https://ucleeds.ac.uk/student-life/students-union/,
10026921,10026921,XF,XF,Did not participate,,https://christredeemer.ac.uk/src/,
10028216,10028216,XF,XF,Bronze,,https://www.britcollege.ac.uk/page/?title=About+Us&pid=6,
10029682,10029682,XF,XF,Did not participate,,https://www.islamic-college.ac.uk/,
10030129,10030129,XF,XF,Silver,,https://nelsoncollege.ac.uk/student-information/support,
10030408,10030408,XI,XI,Did not participate,,https://www.gcs.ac.uk/higher-education,https://www.gcs.ac.uk/higher-education
10030776,10030776,XF,XF,Gold,,https://www.stmellitus.org/study-with-us,
10031982,10031982,XF,XF,Did not participate,,http://www.bppstudents.com,
10032036,10032036,XF,XF,Did not participate,,https://www.amity.ac.uk/student-committee,
10032072,10032072,XF,XF,Did not participate,,http://www.durhamsu.com/,
10032282,10032282,XF,XF,Silver,,http://www.queens.ac.uk/life-at-queens/student-involvement,
10032288,10032288,XF,XF,Provisional,,https://www.westdean.org.uk/study/student-information/student-life#block-your-stay-at-west-dean-college,
10032351,10008640,XF,XF,Did not participate,,http://www.fxu.org.uk,
10034324,10034324,XF,XF,Did not participate,,https://www.bucksstudentsunion.org/,
10034449,10034449,XF,XF,Silver,,https://www.leedsconservatoire.ac.uk/student-life/students-union/,
10034450,10003678,XF,XI,Did not participate,,http://www.kusu.co.uk/,
10034450,10007854,XI,XI,Did not participate,,http://www.cardiffmetsu.co.uk/,http://www.cardiffmetsu.co.uk/
10035638,10035638,XF,XF,Bronze,,https://www.nus.org.uk,
10036143,10036143,XF,XF,Did not participate,,https://www.sgscol.ac.uk/student-union,
10036456,10036456,XF,XF,Did not participate,,,
10037364,10004579,XF,XF,Did not participate,,https://he.newcollege.ac.uk/students/student-support,
10037449,10037449,XF,XF,Silver,,http://www.marjonsu.com/,
10037544,10037544,XF,XF,Bronze,,http://www.nus.org.uk,
10037850,10003957,XF,XF,Did not participate,,http://www.jmsu.co.uk,
10039082,10039082,XF,XF,Provisional,,https://www.cityandguildsartschool.ac.uk/about-us/student-life-and-experience-2/,
10039956,10039956,XF,XF,Silver,,https://studentassociation.law.ac.uk/,
10039958,10006840,XF,XF,Did not participate,,http://www.birmingham.ac.uk/students/birmingham/guild.aspx,
10040812,10040812,XF,XF,Gold,,http://www.harpersu.com,
10041563,10006841,XF,XF,Did not participate,,http://www.boltonsu.com/,
10041898,10041898,XF,XF,Did not participate,,https://apexcollege.co.uk/,
10042500,10042500,XF,XF,Did not participate,,https://globalbanking.ac.uk,
10042532,10005736,XF,XF,Did not participate,,https://www.uspcollege.ac.uk/life-at-college/student-union/,
10042570,10042570,XF,XF,Did not participate,,https://www.pearsoncollegelondon.ac.uk/for-students/future-students/student-experience.html,
10045289,10045289,XF,XF,Bronze,,https://www.londonmetsu.org.uk/,
10045476,10045476,XF,XF,Provisional,,https://www.metfilmschool.ac.uk/student-senate/,
10048199,10048199,XF,XF,Provisional,,https://www.nchlondon.ac.uk/student-union/,
10062833,10062833,XF,XF,Did not participate,,,
10065146,10006299,XF,XF,Did not participate,,http://www.staffsunion.com,
10066502,10066502,XF,XF,Did not participate,,https://www.mctimoney-college.org.uk/about/about-the-college/students-association/,
10067406,10067406,XF,XF,Did not participate,,,
10067601,10067601,XF,XF,Did not participate,,https://dev.jca.ac.uk/academy-experience,
10067623,10067623,XF,XF,Did not participate,,,
10067648,10067648,XF,XF,Did not participate,,,
10067853,10067853,XF,XF,Bronze,,https://www.acm.ac.uk/student-services/,
10068157,10068157,XF,XF,Did not participate,,http://www.peterborough.ac.uk/services-support/student-union/,
10080811,10080811,XF,XF,Gold,,https://hsu.unioncloud.org/,
10083403,10083403,XF,XF,Did not participate,,https://www.kclsu.org/,
10085293,10008640,XF,XF,Did not participate,,http://www.fxu.org.uk,
10086107,10008640,XF,XF,Did not participate,,http://www.fxu.org.uk,
10086591,10086591,XF,XF,Did not participate,,http://su.regents.ac.uk/,
90000451,90000451,XF,XF,Did not participate,,https://www.harperkeelevetschool.ac.uk/about/428/6-reasons-to-study/,
99999997,99999997,XF,XF,Did not participate,,https://gksu.co.uk/,
99999998,99999998,XF,XF,Did not participate,,http://www.yusu.org/,
99999999,99999999,XF,XF,Did not participate,,http://www.bsms.ac.uk/undergraduate/campus-life/student-life/,
