UKPRN,PROVIDER_NAME,UPDATED
10000047,ASSOCIATION OF BRITISH DISPENSING OPTICIANS(THE),03/11/2020
10000055,Abingdon and Witney College,03/11/2020
10000163,AECC University College,03/11/2020
10000216,All Nations Christian College,03/11/2020
10000248,Academy of Live and Recorded Arts,03/11/2020
10000291,Anglia Ruskin University,03/11/2020
10000381,Arts Educational Schools,03/11/2020
10000385,The Arts University Bournemouth,03/11/2020
10000415,Askham Bryan College,03/11/2020
10000533,Barnet & Southgate College,03/11/2020
10000536,Barnsley College,03/11/2020
10000560,Basingstoke College of Technology,03/11/2020
10000571,Bath Spa University,03/11/2020
10000610,Bedford College,03/11/2020
10000654,The Berkshire College of Agriculture (BCA),03/11/2020
10000670,Bexhill College,03/11/2020
10000712,University College Birmingham,03/11/2020
10000720,Bishop Auckland College,03/11/2020
10000721,Bishop Burton College,03/11/2020
10000747,Blackburn College,03/11/2020
10000754,Blackpool and the Fylde College,03/11/2020
10000812,Boston College,03/11/2020
10000820,The Bournemouth and Poole College,03/11/2020
10000824,Bournemouth University,03/11/2020
10000840,Bradford College,03/11/2020
10000878,Bridgwater and Taunton College,03/11/2020
10000886,The University of Brighton,03/11/2020
10000894,Bristol Baptist College,03/11/2020
10000911,BCNO Limited,03/11/2020
10000936,The University College of Osteopathy,03/11/2020
10000944,Brockenhurst College,03/11/2020
10000948,Bromley College of Further and Higher Education,03/11/2020
10000950,Brooklands College,03/11/2020
10000952,BMC (Brooksby Melton College),03/11/2020
10000961,Brunel University London,03/11/2020
10000975,Buckinghamshire New University,03/11/2020
10001000,Burnley College,03/11/2020
10001004,Burton and South Derbyshire College,03/11/2020
10001005,Bury College,03/11/2020
10001093,Calderdale College,03/11/2020
10001143,Canterbury Christ Church University,03/11/2020
10001148,CAPEL MANOR COLLEGE,03/11/2020
10001165,Cardinal Newman Catholic Sixth Form College,03/11/2020
10001201,CARMEL COLLEGE,03/11/2020
10001282,University of Northumbria at Newcastle,03/11/2020
10001378,Chesterfield College,03/11/2020
10001386,Chicken Shed Theatre Company,03/11/2020
10001465,Bath College,03/11/2020
10001467,City of Bristol College,03/11/2020
10001475,City of Sunderland College,03/11/2020
10001476,United Colleges Group,03/11/2020
10001478,"City, University of London",03/11/2020
10001503,The Northern School of Art,03/11/2020
10001512,COMMUNITY MUSIC LIMITED,03/11/2020
10001535,Colchester Institute,03/11/2020
10001546,The College of Integrated Chinese Medicine,03/11/2020
10001653,Conservatoire for Dance and Drama,03/11/2020
10001696,Cornwall College,03/11/2020
10001726,Coventry University,03/11/2020
10001743,Craven College,03/11/2020
10001778,Croydon College,03/11/2020
10001850,DARLINGTON COLLEGE,03/11/2020
10001883,De Montfort University,03/11/2020
10001919,DCG,03/11/2020
10002011,DOREEN BIRD COLLEGE OF PERFORMING ARTS LTD.,03/11/2020
10002061,Central Bedfordshire College,03/11/2020
10002094,"Ealing, Hammersmith & West London College",03/11/2020
10002107,The Windsor Forest Colleges Group,03/11/2020
10002130,East Surrey College,03/11/2020
10002344,European School of Osteopathy,03/11/2020
10002370,Exeter College,03/11/2020
10002412,Farnborough College of Technology,03/11/2020
10002599,Furness College,03/11/2020
10002638,Gateshead College,03/11/2020
10002681,Glasgow School of Art,03/11/2020
10002696,Gloucestershire College,03/11/2020
10002718,Goldsmiths College,03/11/2020
10002743,Grantham College,03/11/2020
10002767,GREENBANK PROJECT (THE),03/11/2020
10002843,Hadlow College,03/11/2020
10002852,Halesowen College,03/11/2020
10002863,Riverside College Halton,03/11/2020
10002899,Harlow College,03/11/2020
10002917,HARTLEPOOL COLLEGE OF FURTHER EDUCATION,03/11/2020
10002923,East Sussex College Group,03/11/2020
10003010,Coventry College,03/11/2020
10003022,Hereford College of Arts,03/11/2020
10003023,"Herefordshire, Ludlow, and North Shropshire College",03/11/2020
10003035,Hertford Regional College,03/11/2020
10003146,Hopwood Hall College,03/11/2020
10003188,HUDDERSFIELD NEW COLLEGE,03/11/2020
10003193,Hugh Baird College,03/11/2020
10003200,Hull College,03/11/2020
10003212,Hult International Business School Ltd,03/11/2020
10003239,ICON College of Technology and Management,03/11/2020
10003270,"Imperial College of Science, Technology and Medicine",03/11/2020
10003336,IPP EDUCATION LIMITED,03/11/2020
10003425,ITALIA CONTI ACADEMY OF THEATRE ARTS LIMITED(THE),03/11/2020
10003558,Kendal College,03/11/2020
10003614,The University of Winchester,03/11/2020
10003645,King's College London,03/11/2020
10003674,South Thames Colleges Group,03/11/2020
10003676,Kingston Maurward College,03/11/2020
10003678,Kingston University,03/11/2020
10003753,Lakes College West Cumbria,03/11/2020
10003758,LAMDA Limited,03/11/2020
10003798,Le Cordon Bleu Limited,03/11/2020
10003854,Leeds Arts University,03/11/2020
10003855,Leeds College of Building,03/11/2020
10003861,Leeds Beckett University,03/11/2020
10003863,Leeds Trinity University,03/11/2020
10003867,Leicester College,03/11/2020
10003928,Lincoln College,03/11/2020
10003945,The Liverpool Institute for Performing Arts,03/11/2020
10003955,The City of Liverpool College,03/11/2020
10003956,Liverpool Hope University,03/11/2020
10003957,Liverpool John Moores University,03/11/2020
10004035,The Film Education Training Trust Limited,03/11/2020
10004048,London Metropolitan University,03/11/2020
10004063,London School of Economics and Political Science,03/11/2020
10004075,London School of Theology,03/11/2020
10004078,London South Bank University,03/11/2020
10004079,London Studio Centre,03/11/2020
10004112,Loughborough College,03/11/2020
10004113,Loughborough University,03/11/2020
10004144,Macclesfield College,03/11/2020
10004180,The Manchester Metropolitan University,03/11/2020
10004202,THE MARIA MONTESSORI TRAINING ORGANISATION,03/11/2020
10004320,The Metanoia Institute,03/11/2020
10004344,Middlesbrough College,03/11/2020
10004351,Middlesex University,03/11/2020
10004375,Milton Keynes College,03/11/2020
10004432,Morley College Limited,03/11/2020
10004442,Moulton College,03/11/2020
10004450,Mountview Academy of Theatre Arts,03/11/2020
10004478,Myerscough College,03/11/2020
10004538,Nazarene Theological College,03/11/2020
10004552,Nelson and Colne College,03/11/2020
10004576,New College Durham,03/11/2020
10004577,Nottingham College,03/11/2020
10004579,New College Swindon,03/11/2020
10004596,Newbury College,03/11/2020
10004599,NCG,03/11/2020
10004603,Newcastle and Stafford Colleges Group,03/11/2020
10004676,Petroc,03/11/2020
10004686,North East Surrey College of Technology (NESCOT),03/11/2020
10004690,North Hertfordshire College,03/11/2020
10004695,DN Colleges Group,03/11/2020
10004718,North Warwickshire and South Leicestershire College,03/11/2020
10004736,Greater Brighton Metropolitan College,03/11/2020
10004740,Northern College of Acupuncture,03/11/2020
10004772,City College Norwich,03/11/2020
10004775,Norwich University of the Arts,03/11/2020
10004797,The Nottingham Trent University,03/11/2020
10004835,Oaklands College,03/11/2020
10004927,Activate Learning,03/11/2020
10004930,Oxford Brookes University,03/11/2020
10005032,Salford City College,03/11/2020
10005072,Peter Symonds College,03/11/2020
10005124,Plumpton College,03/11/2020
10005127,Plymouth College of Art,03/11/2020
10005128,City College Plymouth,03/11/2020
10005200,Preston College,03/11/2020
10005337,"Queen Margaret University, Edinburgh",03/11/2020
10005343,Queen's University Belfast,03/11/2020
10005389,Ravensbourne University London,03/11/2020
10005404,Reaseheath College,03/11/2020
10005451,Arden University,03/11/2020
10005455,ROYAL ENGINEERS VOCATIONAL EDUCATION AND TRAINING TRUST,03/11/2020
10005469,Richmond upon Thames College,03/11/2020
10005470,"Richmond, The American International University in London",03/11/2020
10005500,Robert Gordon University,03/11/2020
10005523,Rose Bruford College of Theatre and Performance,03/11/2020
10005534,RNN Group,03/11/2020
10005544,Royal Academy of Dance,03/11/2020
10005545,Royal Agricultural University,03/11/2020
10005553,Royal Holloway and Bedford New College,03/11/2020
10005561,Royal Conservatoire of Scotland,03/11/2020
10005583,Ruskin College,03/11/2020
10005669,Sandwell College,03/11/2020
10005700,SRUC,03/11/2020
10005736,Unified Seevic Palmer's College,03/11/2020
10005741,Selby College,03/11/2020
10005788,The Sheffield College,03/11/2020
10005790,Sheffield Hallam University,03/11/2020
10005822,Shrewsbury Colleges Group,03/11/2020
10005946,Solihull College and University Centre,03/11/2020
10005967,South & City College Birmingham,03/11/2020
10005972,Cheshire College South and West,03/11/2020
10005977,South Devon College,03/11/2020
10005979,Havant and South Downs College,03/11/2020
10005981,South Essex College of Further and Higher Education,03/11/2020
10005998,The Trafford College Group,03/11/2020
10005999,Tyne Coast College,03/11/2020
10006020,Southampton City College,03/11/2020
10006022,Solent University,03/11/2020
10006038,Southport College,03/11/2020
10006050,Sparsholt College,03/11/2020
10006093,Spurgeon's College,03/11/2020
10006174,St Helens College,03/11/2020
10006226,St Mary's College,03/11/2020
10006299,Staffordshire University,03/11/2020
10006341,THE EDUCATION TRAINING COLLECTIVE,03/11/2020
10006349,STOKE ON TRENT COLLEGE,03/11/2020
10006378,Strode College,03/11/2020
10006398,SUFFOLK NEW COLLEGE,03/11/2020
10006427,University for the Creative Arts,03/11/2020
10006442,Birmingham Metropolitan College,03/11/2020
10006494,Tameside College,03/11/2020
10006549,Telford College,03/11/2020
10006566,The University of West London,03/11/2020
10006570,EKC GROUP,03/11/2020
10006770,The Oldham College,03/11/2020
10006840,The University of Birmingham,03/11/2020
10006841,The University of Bolton,03/11/2020
10006842,The University of Liverpool,03/11/2020
10006963,New City College,03/11/2020
10007063,Truro and Penwith College,03/11/2020
10007114,University of the Highlands and Islands,03/11/2020
10007137,The University of Chichester,03/11/2020
10007139,University of Worcester,03/11/2020
10007140,Birmingham City University,03/11/2020
10007141,The University of Central Lancashire,03/11/2020
10007143,University of Durham,03/11/2020
10007144,The University of East London,03/11/2020
10007145,University of Gloucestershire,03/11/2020
10007146,The University of Greenwich,03/11/2020
10007147,University of Hertfordshire,03/11/2020
10007149,The University of Hull,03/11/2020
10007150,The University of Kent,03/11/2020
10007151,The University of Lincoln,03/11/2020
10007152,University of Bedfordshire,03/11/2020
10007154,University of Nottingham,03/11/2020
10007155,The University of Portsmouth,03/11/2020
10007157,The University of Sheffield,03/11/2020
10007158,The University of Southampton,03/11/2020
10007159,The University of Sunderland,03/11/2020
10007160,The University of Surrey,03/11/2020
10007161,Teesside University,03/11/2020
10007162,"University of the Arts, London",03/11/2020
10007163,The University of Warwick,03/11/2020
10007164,"University of the West of England, Bristol",03/11/2020
10007165,The University of Westminster,03/11/2020
10007166,The University of Wolverhampton,03/11/2020
10007167,The University of York,03/11/2020
10007289,Wakefield College,03/11/2020
10007361,Waverley Abbey College,03/11/2020
10007417,West Herts College,03/11/2020
10007419,WEST KENT AND ASHFORD COLLEGE,03/11/2020
10007431,West Suffolk College,03/11/2020
10007455,The WKCIC Group,03/11/2020
10007459,Weston College of Further and Higher Education,03/11/2020
10007469,Weymouth College,03/11/2020
10007500,Wigan and Leigh College,03/11/2020
10007527,Wiltshire College and University Centre,03/11/2020
10007553,Wirral Metropolitan College,03/11/2020
10007578,City of Wolverhampton College,03/11/2020
10007657,Writtle University College,03/11/2020
10007682,XAVERIAN COLLEGE,03/11/2020
10007696,Yeovil College,03/11/2020
10007709,York College,03/11/2020
10007713,York St John University,03/11/2020
10007759,Aston University,03/11/2020
10007760,Birkbeck College,03/11/2020
10007761,Courtauld Institute of Art,03/11/2020
10007762,Glasgow Caledonian University,03/11/2020
10007767,Keele University,03/11/2020
10007768,The University of Lancaster,03/11/2020
10007772,Edinburgh Napier University,03/11/2020
10007773,The Open University,03/11/2020
10007774,The University of Oxford,03/11/2020
10007775,Queen Mary University of London,03/11/2020
10007776,Roehampton University,03/11/2020
10007778,Royal College of Music,03/11/2020
10007779,The Royal Veterinary College,03/11/2020
10007780,SOAS University of London,03/11/2020
10007782,"St George's, University of London",03/11/2020
10007783,The University of Aberdeen,03/11/2020
10007784,University College London,03/11/2020
10007785,The University of Bradford,03/11/2020
10007786,The University of Bristol,03/11/2020
10007787,The University of Buckingham,03/11/2020
10007788,The University of Cambridge,03/11/2020
10007789,The University of East Anglia,03/11/2020
10007790,The University of Edinburgh,03/11/2020
10007791,The University of Essex,03/11/2020
10007792,The University of Exeter,03/11/2020
10007793,University of South Wales,03/11/2020
10007794,The University of Glasgow,03/11/2020
10007795,The University of Leeds,03/11/2020
10007796,The University of Leicester,03/11/2020
10007798,The University of Manchester,03/11/2020
10007799,Newcastle University,03/11/2020
10007800,The University of the West of Scotland,03/11/2020
10007801,University of Plymouth,03/11/2020
10007802,The University of Reading,03/11/2020
10007803,The University of St Andrews,03/11/2020
10007804,The University of Stirling,03/11/2020
10007805,The University of Strathclyde,03/11/2020
10007806,The University of Sussex,03/11/2020
10007807,Ulster University,03/11/2020
10007811,Bishop Grosseteste University,03/11/2020
10007812,University of London Institute in Paris,03/11/2020
10007814,Cardiff University,03/11/2020
10007816,The Royal Central School of Speech and Drama,03/11/2020
10007817,Chichester College Group,03/11/2020
10007820,Grwp Llandrillo Menai,03/11/2020
10007823,Edge Hill University,03/11/2020
10007825,Guildhall School of Music and Drama,03/11/2020
10007832,Newman University,03/11/2020
10007833,Glyndwr University,03/11/2020
10007834,PEMBROKESHIRE COLLEGE,03/11/2020
10007835,Royal Academy of Music,03/11/2020
10007837,Royal Northern College of Music,03/11/2020
10007838,ROYAL WELSH COLLEGE OF MUSIC AND DRAMA LIMITED,03/11/2020
10007839,SAE Education Limited,03/11/2020
10007842,University of Cumbria,03/11/2020
10007843,"St Mary's University, Twickenham",03/11/2020
10007848,University of Chester,03/11/2020
10007849,Abertay University,03/11/2020
10007850,The University of Bath,03/11/2020
10007851,University of Derby,03/11/2020
10007852,The University of Dundee,03/11/2020
10007854,Cardiff Metropolitan University,03/11/2020
10007855,Swansea University,03/11/2020
10007856,Aberystwyth University,03/11/2020
10007857,Bangor University,03/11/2020
10007858,University of Wales Trinity Saint David,03/11/2020
10007859,Warwickshire College,03/11/2020
10007912,Cliff College,03/11/2020
10007924,Dudley College of Technology,03/11/2020
10007928,Fareham College,03/11/2020
10007938,Grimsby Institute of Further and Higher Education,03/11/2020
10007977,Heart of Worcestershire College,03/11/2020
10008010,Stranmillis University College,03/11/2020
10008017,Trinity Laban Conservatoire of Music and Dance,03/11/2020
10008026,St Mary's University College,03/11/2020
10008071,AA School of Architecture,03/11/2020
10008119,BRIDGEND COLLEGE OF TECHNOLOGY,03/11/2020
10008173,University College of Estate Management,03/11/2020
10008289,The London Institute of Banking & Finance,03/11/2020
10008325,KLC School of Design,03/11/2020
10008397,Norland College,03/11/2020
10008430,PLATFORM ONE (IOW) LIMITED,03/11/2020
10008455,Regent College,03/11/2020
10008640,Falmouth University,03/11/2020
10008912,COLEG GWENT,03/11/2020
10008914,COLEG Y CYMOEDD,03/11/2020
10009099,URDANG SCHOOLS LIMITED,03/11/2020
10009186,GLASGOW CLYDE COLLEGE,03/11/2020
10009213,FASHION RETAIL ACADEMY,03/11/2020
10009292,Royal Academy of Dramatic Art,03/11/2020
10009527,Istituto Marangoni Limited,03/11/2020
10009612,Luther King House Educational Trust,03/11/2020
10009614,Grwp NPTC Group,03/11/2020
10009619,MERTHYR TYDFIL COLLEGE LIMITED,03/11/2020
10010227,Oak Hill College,03/11/2020
10010308,Cambridge Arts and Sciences Limited,03/11/2020
10010457,SPIRIT SSR LIMITED,03/11/2020
10013109,London Bridge Business Academy,03/11/2020
10015506,The London College UCK,03/11/2020
10015688,David Game College Ltd,03/11/2020
10019178,Point Blank Music School,03/11/2020
10020416,Mattersey Hall,03/11/2020
10020436,The Royal School of Needlework,03/11/2020
10020858,NOVA CENTRIC LIMITED,03/11/2020
10020936,THE LONDON EARLY YEARS FOUNDATION,03/11/2020
10021100,Regents Theological College,03/11/2020
10021682,Kaplan Open Learning,03/11/2020
10022022,LONDON SCHOOL OF OSTEOPATHY,03/11/2020
10022047,Empire College London Limited,03/11/2020
10022087,Futureworks,03/11/2020
10022285,London School of Management Education,03/11/2020
10023139,LTE Group,03/11/2020
10023434,London School of Commerce & IT Limited,03/11/2020
10023452,The Markfield Institute of Higher Education,03/11/2020
10023453,Matrix College of Counselling and Psychotherapy Ltd,03/11/2020
10023454,Moorlands College,03/11/2020
10023458,The Sherwood Psychotherapy Training Institute Limited,03/11/2020
10023464,Trinity College Bristol,03/11/2020
10023777,Mont Rose College of Management and Sciences,03/11/2020
10023871,Results Consortium Limited,03/11/2020
10024024,Central Film School London,03/11/2020
10024962,Leeds City College,03/11/2020
10026921,Christ the Redeemer College,03/11/2020
10028216,Brit College,03/11/2020
10029682,The Islamic College,03/11/2020
10030129,Nelson College London Ltd,03/11/2020
10030408,Gower College Swansea,03/11/2020
10030776,St Mellitus College,03/11/2020
10031982,BPP University,03/11/2020
10032036,Amity Global Education,03/11/2020
10032072,The Cambridge Theological Federation,03/11/2020
10032282,The Queen's Foundation for Ecumenical Theological Education,03/11/2020
10032288,West Dean College,03/11/2020
10032351,BODMIN COLLEGE,03/11/2020
10034324,Court Theatre Training Company Ltd,03/11/2020
10034449,Leeds Conservatoire,03/11/2020
10034450,CARDIFF AND VALE COLLEGE,03/11/2020
10035638,Institute of Contemporary Music Performance,03/11/2020
10036143,South Gloucestershire and Stroud College,03/11/2020
10036456,BACKSTAGE ACADEMY (TRAINING) LTD,03/11/2020
10037364,CECOS COMPUTING INTERNATIONAL LIMITED,03/11/2020
10037449,University of St Mark and St John,03/11/2020
10037544,BIMM Limited,03/11/2020
10037850,EVERTON FREE SCHOOL,03/11/2020
10039082,City and Guilds of London Art School,03/11/2020
10039956,The University of Law,03/11/2020
10039958,BIRMINGHAM COMMUNITY HEALTHCARE NHS FOUNDATION TRUST,03/11/2020
10040812,Harper Adams University,03/11/2020
10041563,SHOCKOUT ARTS LTD,03/11/2020
10041898,Apex College London,03/11/2020
10042500,Global Banking School Limited,03/11/2020
10042532,SIMPLY ALLIANCE LIMITED,03/11/2020
10042570,Pearson College,03/11/2020
10043164,UCFB COLLEGE OF FOOTBALL BUSINESS LIMITED,03/11/2020
10045289,St Nicholas Montessori Training Limited,03/11/2020
10045476,Met Film School Limited,03/11/2020
10048199,New College of the Humanities,03/11/2020
10065146,CITY OF STOKE-ON-TRENT SIXTH FORM COLLEGE,03/11/2020
10067601,JSA Education Group Ltd.,03/11/2020
10067853,ACM Guildford Limited,03/11/2020
10068157,University Centre Peterborough,03/11/2020
10080811,Hartpury University,03/11/2020
10085293,WATERBEAR EDUCATION LTD,03/11/2020
10086107,FOURTH MONKEY EDUCATION LIMITED,03/11/2020
90000451,Harper and Keele Veterinary School,03/11/2020
99999997,Medway School of Pharmacy,03/11/2020
99999998,Hull York Medical School,03/11/2020
99999999,Brighton and Sussex Medical School,03/11/2020
10004116,EAST COAST COLLEGE,10/11/2020
10007138,The University of Northampton,10/11/2020
10007148,The University of Huddersfield,10/11/2020
10007156,The University of Salford,10/11/2020
10007764,Heriot-Watt University,10/11/2020
10014001,University of Suffolk,10/11/2020
10005127,Plymouth College of Art,17/11/2020
10005553,Royal Holloway and Bedford New College,17/11/2020
10007149,The University of Hull,17/11/2020
10007159,The University of Sunderland,17/11/2020
10000533,Barnet & Southgate College,24/11/2020
10003863,Leeds Trinity University,24/11/2020
10006963,New City College,24/11/2020
10007157,The University of Sheffield,24/11/2020
10007760,Birkbeck College,24/11/2020
10023442,The College of Osteopaths,24/11/2020
10000712,University College Birmingham,01/12/2020
10001478,"City, University of London",01/12/2020
10003614,The University of Winchester,01/12/2020
10003861,Leeds Beckett University,01/12/2020
10004351,Middlesex University,01/12/2020
10007149,The University of Hull,01/12/2020
10007164,"University of the West of England, Bristol",01/12/2020
10007764,Heriot-Watt University,08/12/2020
10007850,The University of Bath,08/12/2020
10008640,Falmouth University,08/12/2020
10086591,Regent's University London Limited,08/12/2020
10000415,Askham Bryan College,15/12/2020
10000533,Barnet & Southgate College,15/12/2020
10000610,Bedford College,15/12/2020
10000721,Bishop Burton College,15/12/2020
10000747,Blackburn College,15/12/2020
10000754,Blackpool and the Fylde College,15/12/2020
10000812,Boston College,15/12/2020
10000820,The Bournemouth and Poole College,15/12/2020
10000840,Bradford College,15/12/2020
10000878,Bridgwater and Taunton College,15/12/2020
10000948,Bromley College of Further and Higher Education,15/12/2020
10001000,Burnley College,15/12/2020
10001005,Bury College,15/12/2020
10001093,Calderdale College,15/12/2020
10001143,Canterbury Christ Church University,15/12/2020
10001201,CARMEL COLLEGE,15/12/2020
10001467,City of Bristol College,15/12/2020
10001475,City of Sunderland College,15/12/2020
10001503,The Northern School of Art,15/12/2020
10001535,Colchester Institute,15/12/2020
10001696,Cornwall College,15/12/2020
10001743,Craven College,15/12/2020
10001919,DCG,15/12/2020
10002061,Central Bedfordshire College,15/12/2020
10002370,Exeter College,15/12/2020
10002412,Farnborough College of Technology,15/12/2020
10002743,Grantham College,15/12/2020
10002843,Hadlow College,15/12/2020
10002923,East Sussex College Group,15/12/2020
10003022,Hereford College of Arts,15/12/2020
10003146,Hopwood Hall College,15/12/2020
10003193,Hugh Baird College,15/12/2020
10003200,Hull College,15/12/2020
10003674,South Thames Colleges Group,15/12/2020
10003676,Kingston Maurward College,15/12/2020
10003861,Leeds Beckett University,15/12/2020
10003867,Leicester College,15/12/2020
10003928,Lincoln College,15/12/2020
10003956,Liverpool Hope University,15/12/2020
10003957,Liverpool John Moores University,15/12/2020
10004112,Loughborough College,15/12/2020
10004116,EAST COAST COLLEGE,15/12/2020
10004344,Middlesbrough College,15/12/2020
10004432,Morley College Limited,15/12/2020
10004442,Moulton College,15/12/2020
10004478,Myerscough College,15/12/2020
10004552,Nelson and Colne College,15/12/2020
10004576,New College Durham,15/12/2020
10004577,Nottingham College,15/12/2020
10004579,New College Swindon,15/12/2020
10004596,Newbury College,15/12/2020
10004599,NCG,15/12/2020
10004676,Petroc,15/12/2020
10004686,North East Surrey College of Technology (NESCOT),15/12/2020
10004690,North Hertfordshire College,15/12/2020
10004695,DN Colleges Group,15/12/2020
10004927,Activate Learning,15/12/2020
10005072,Peter Symonds College,15/12/2020
10005124,Plumpton College,15/12/2020
10005128,City College Plymouth,15/12/2020
10005404,Reaseheath College,15/12/2020
10005534,RNN Group,15/12/2020
10005583,Ruskin College,15/12/2020
10005741,Selby College,15/12/2020
10005822,Shrewsbury Colleges Group,15/12/2020
10005946,Solihull College and University Centre,15/12/2020
10005967,South & City College Birmingham,15/12/2020
10005977,South Devon College,15/12/2020
10005979,Havant and South Downs College,15/12/2020
10005981,South Essex College of Further and Higher Education,15/12/2020
10005998,The Trafford College Group,15/12/2020
10006050,Sparsholt College,15/12/2020
10006174,St Helens College,15/12/2020
10006398,SUFFOLK NEW COLLEGE,15/12/2020
10006442,Birmingham Metropolitan College,15/12/2020
10006494,Tameside College,15/12/2020
10006549,Telford College,15/12/2020
10006770,The Oldham College,15/12/2020
10006963,New City College,15/12/2020
10007063,Truro and Penwith College,15/12/2020
10007137,The University of Chichester,15/12/2020
10007140,Birmingham City University,15/12/2020
10007148,The University of Huddersfield,15/12/2020
10007165,The University of Westminster,15/12/2020
10007289,Wakefield College,15/12/2020
10007417,West Herts College,15/12/2020
10007455,The WKCIC Group,15/12/2020
10007459,Weston College of Further and Higher Education,15/12/2020
10007469,Weymouth College,15/12/2020
10007527,Wiltshire College and University Centre,15/12/2020
10007578,City of Wolverhampton College,15/12/2020
10007820,Grwp Llandrillo Menai,15/12/2020
10007851,University of Derby,15/12/2020
10007854,Cardiff Metropolitan University,15/12/2020
10007938,Grimsby Institute of Further and Higher Education,15/12/2020
10008430,PLATFORM ONE (IOW) LIMITED,15/12/2020
10008455,Regent College,15/12/2020
10008640,Falmouth University,15/12/2020
10008912,COLEG GWENT,15/12/2020
10008914,COLEG Y CYMOEDD,15/12/2020
10009099,URDANG SCHOOLS LIMITED,15/12/2020
10009186,GLASGOW CLYDE COLLEGE,15/12/2020
10009213,FASHION RETAIL ACADEMY,15/12/2020
10009614,Grwp NPTC Group,15/12/2020
10010457,SPIRIT SSR LIMITED,15/12/2020
10014001,University of Suffolk,15/12/2020
10020436,The Royal School of Needlework,15/12/2020
10020858,NOVA CENTRIC LIMITED,15/12/2020
10020936,THE LONDON EARLY YEARS FOUNDATION,15/12/2020
10021682,Kaplan Open Learning,15/12/2020
10022022,LONDON SCHOOL OF OSTEOPATHY,15/12/2020
10022087,Futureworks,15/12/2020
10023139,LTE Group,15/12/2020
10024962,Leeds City College,15/12/2020
10030408,Gower College Swansea,15/12/2020
10034324,Court Theatre Training Company Ltd,15/12/2020
10034449,Leeds Conservatoire,15/12/2020
10036143,South Gloucestershire and Stroud College,15/12/2020
10036456,Backstage Academy (Training) Ltd,15/12/2020
10037449,University of St Mark and St John,15/12/2020
10039958,BIRMINGHAM COMMUNITY HEALTHCARE NHS FOUNDATION TRUST,15/12/2020
10040812,Harper Adams University,15/12/2020
10041563,SHOCKOUT ARTS LTD,15/12/2020
10043164,UCFB COLLEGE OF FOOTBALL BUSINESS LIMITED,15/12/2020
10065146,CITY OF STOKE-ON-TRENT SIXTH FORM COLLEGE,15/12/2020
10067853,ACM Guildford Limited,15/12/2020
10068157,University Centre Peterborough,15/12/2020
10080811,Hartpury University,15/12/2020
10085293,WATERBEAR EDUCATION LTD,15/12/2020
10086107,FOURTH MONKEY EDUCATION LIMITED,15/12/2020
99999998,Hull York Medical School,15/12/2020
99999999,Brighton and Sussex Medical School,15/12/2020
10008119,BRIDGEND COLLEGE OF TECHNOLOGY,15/12/2020
10034450,CARDIFF AND VALE COLLEGE,15/12/2020
10000886,The University of Brighton,22/12/2020
10003614,The University of Winchester,22/12/2020
10003678,Kingston University,22/12/2020
10004061,Bloomsbury Institute,22/12/2020
10006022,Solent University,22/12/2020
10006770,The Oldham College,22/12/2020
10007785,The University of Bradford,22/12/2020
10036456,Backstage Academy (Training) Ltd,22/12/2020
10006427,University for the Creative Arts,05/01/2021
10007148,The University of Huddersfield,05/01/2021
10062833,Raindance Educational Services Limited,05/01/2021
10067623,The London Interdisciplinary School Ltd,05/01/2021
10020436,The Royal School of Needlework,05/01/2021
10000055,Abingdon and Witney College,12/01/2021
10001282,University of Northumbria at Newcastle,12/01/2021
10003645,King's College London,12/01/2021
10003928,Lincoln College,12/01/2021
10004351,Middlesex University,12/01/2021
10006299,Staffordshire University,12/01/2021
10006398,SUFFOLK NEW COLLEGE,12/01/2021
10007148,The University of Huddersfield,12/01/2021
10007154,University of Nottingham,12/01/2021
10007816,The Royal Central School of Speech and Drama,12/01/2021
10014001,University of Suffolk,12/01/2021
10023456,Newbold College,12/01/2021
10037544,BIMM Limited,12/01/2021
10066502,The College of Health Ltd,12/01/2021
10004603,Newcastle and Stafford Colleges Group,12/01/2021
10006341,THE EDUCATION TRAINING COLLECTIVE,19/01/2021
10006963,New City College,19/01/2021
10007138,The University of Northampton,19/01/2021
10007148,The University of Huddersfield,19/01/2021
10007161,Teesside University,19/01/2021
10007764,Heriot-Watt University,19/01/2021
10007772,Edinburgh Napier University,19/01/2021
10007801,University of Plymouth,19/01/2021
10007804,The University of Stirling,19/01/2021
10007138,The University of Northampton,26/01/2021
10007157,The University of Sheffield,26/01/2021
10008119,BRIDGEND COLLEGE OF TECHNOLOGY,26/01/2021
10008430,PLATFORM ONE (IOW) LIMITED,26/01/2021
10008640,Falmouth University,26/01/2021
10008912,COLEG GWENT,26/01/2021
10008914,COLEG Y CYMOEDD,26/01/2021
10009099,URDANG SCHOOLS LIMITED,26/01/2021
10009186,GLASGOW CLYDE COLLEGE,26/01/2021
10009213,FASHION RETAIL ACADEMY,26/01/2021
10009614,Grwp NPTC Group,26/01/2021
10010457,SPIRIT SSR LIMITED,26/01/2021
10014001,University of Suffolk,26/01/2021
10020858,NOVA CENTRIC LIMITED,26/01/2021
10020936,THE LONDON EARLY YEARS FOUNDATION,26/01/2021
10021682,Kaplan Open Learning,26/01/2021
10022022,LONDON SCHOOL OF OSTEOPATHY,26/01/2021
10023139,LTE Group,26/01/2021
10024962,Leeds City College,26/01/2021
10030408,Gower College Swansea,26/01/2021
10034324,Court Theatre Training Company Ltd,26/01/2021
10034449,Leeds Conservatoire,26/01/2021
10034450,CARDIFF AND VALE COLLEGE,26/01/2021
10036143,South Gloucestershire and Stroud College,26/01/2021
10036456,Backstage Academy (Training) Ltd,26/01/2021
10037364,CECOS COMPUTING INTERNATIONAL LIMITED,26/01/2021
10037449,University of St Mark and St John,26/01/2021
10039958,BIRMINGHAM COMMUNITY HEALTHCARE NHS FOUNDATION TRUST,26/01/2021
10040812,Harper Adams University,26/01/2021
10041563,SHOCKOUT ARTS LTD,26/01/2021
10043164,UCFB COLLEGE OF FOOTBALL BUSINESS LIMITED,26/01/2021
10065146,CITY OF STOKE-ON-TRENT SIXTH FORM COLLEGE,26/01/2021
10067853,ACM Guildford Limited,26/01/2021
10068157,University Centre Peterborough,26/01/2021
10080811,Hartpury University,26/01/2021
10085293,WATERBEAR EDUCATION LTD,26/01/2021
10086107,FOURTH MONKEY EDUCATION LIMITED,26/01/2021
99999998,Hull York Medical School,26/01/2021
99999999,Brighton and Sussex Medical School,26/01/2021
10000055,Abingdon and Witney College,02/02/2021
10006549,Telford College,02/02/2021
10006963,New City College,02/02/2021
10007148,The University of Huddersfield,02/02/2021
10007149,The University of Hull,02/02/2021
10007160,The University of Surrey,02/02/2021
10007792,The University of Exeter,02/02/2021
10007823,Edge Hill University,02/02/2021
10007938,Grimsby Institute of Further and Higher Education,02/02/2021
10015506,The London College UCK,02/02/2021
10000536,Barnsley College,09/02/2021
10001005,Bury College,09/02/2021
10003614,The University of Winchester,09/02/2021
10003928,Lincoln College,09/02/2021
10004718,North Warwickshire and South Leicestershire College,09/02/2021
10005946,Solihull College and University Centre,09/02/2021
10006299,Staffordshire University,09/02/2021
10007148,The University of Huddersfield,09/02/2021
10036456,Backstage Academy (Training) Ltd,09/02/2021
10000961,Brunel University London,16/02/2021
10000975,Buckinghamshire New University,16/02/2021
10006841,The University of Bolton,16/02/2021
10043164,UCFB COLLEGE OF FOOTBALL BUSINESS LIMITED,16/02/2021
10007145,University of Gloucestershire,23/02/2021
10007149,The University of Hull,23/02/2021
10007165,The University of Westminster,23/02/2021
10007789,The University of East Anglia,23/02/2021
10007855,Swansea University,23/02/2021
10040812,Harper Adams University,23/02/2021
10067648,University Academy 92 Limited,23/02/2021
10004180,The Manchester Metropolitan University,02/03/2021
10006398,SUFFOLK NEW COLLEGE,02/03/2021
10007159,The University of Sunderland,02/03/2021
10007789,The University of East Anglia,02/03/2021
10000721,Bishop Burton College,09/03/2021
10005127,Plymouth College of Art,09/03/2021
10002917,HARTLEPOOL COLLEGE OF FURTHER EDUCATION,16/03/2021
10003614,The University of Winchester,16/03/2021
10006341,THE EDUCATION TRAINING COLLECTIVE,16/03/2021
10007137,The University of Chichester,16/03/2021
10007139,University of Worcester,16/03/2021
10007160,The University of Surrey,16/03/2021
10007161,Teesside University,16/03/2021
10000291,Anglia Ruskin University,23/03/2021
10000886,The University of Brighton,23/03/2021
10000948,Bromley College of Further and Higher Education,23/03/2021
10001143,Canterbury Christ Church University,23/03/2021
10001726,Coventry University,23/03/2021
10003674,South Thames Colleges Group,23/03/2021
10003956,Liverpool Hope University,23/03/2021
10004048,London Metropolitan University,23/03/2021
10004930,Oxford Brookes University,23/03/2021
10005128,City College Plymouth,23/03/2021
10005343,Queen's University Belfast,23/03/2021
10007146,The University of Greenwich,23/03/2021
10007148,The University of Huddersfield,23/03/2021
10007166,The University of Wolverhampton,23/03/2021
10007759,Aston University,23/03/2021
10007773,The Open University,23/03/2021
10007789,The University of East Anglia,23/03/2021
10007791,The University of Essex,23/03/2021
10007852,The University of Dundee,23/03/2021
10080811,Hartpury University,23/03/2021
10083403,TEDI-London,23/03/2021
10001726,Coventry University,30/03/2021
10007148,The University of Huddersfield,30/03/2021
10007157,The University of Sheffield,30/03/2021
10007785,The University of Bradford,30/03/2021
10014001,University of Suffolk,30/03/2021
10000886,The University of Brighton,06/04/2021
10004775,Norwich University of the Arts,06/04/2021
10007842,University of Cumbria,06/04/2021
10007851,University of Derby,06/04/2021
10004351,Middlesex University,13/04/2021
10007147,University of Hertfordshire,13/04/2021
10007156,The University of Salford,13/04/2021
10001282,University of Northumbria at Newcastle,20/04/2021
10006299,Staffordshire University,20/04/2021
10007157,The University of Sheffield,20/04/2021
10007789,The University of East Anglia,20/04/2021
10039956,The University of Law,20/04/2021
10000291,Anglia Ruskin University,27/04/2021
10007152,University of Bedfordshire,27/04/2021
10007459,Weston College of Further and Higher Education,27/04/2021
10007767,Keele University,27/04/2021
10007775,Queen Mary University of London,27/04/2021
10007148,The University of Huddersfield,04/05/2021
10007149,The University of Hull,04/05/2021
10007159,The University of Sunderland,04/05/2021
10007459,Weston College of Further and Higher Education,04/05/2021
10004048,London Metropolitan University,11/05/2021
10005553,Royal Holloway and Bedford New College,11/05/2021
10007148,The University of Huddersfield,11/05/2021
10007785,The University of Bradford,11/05/2021
10008640,Falmouth University,11/05/2021
10001282,University of Northumbria at Newcastle,18/05/2021
10007148,The University of Huddersfield,25/05/2021
10007855,Swansea University,25/05/2021
10000712,University College Birmingham,29/06/2021
10000824,Bournemouth University,29/06/2021
10000886,The University of Brighton,29/06/2021
10002843,Hadlow College,29/06/2021
10004116,EAST COAST COLLEGE,29/06/2021
10004797,The Nottingham Trent University,29/06/2021
10006299,Staffordshire University,29/06/2021
10006427,University for the Creative Arts,29/06/2021
10007146,The University of Greenwich,29/06/2021
10007767,Keele University,29/06/2021
10007823,Edge Hill University,29/06/2021
10039956,The University of Law,29/06/2021
10004078,London South Bank University,29/06/2021
10006022,Solent University,29/06/2021
10007802,The University of Reading,29/06/2021
10000975,Buckinghamshire New University,06/07/2021
10003614,The University of Winchester,06/07/2021
10004686,North East Surrey College of Technology (NESCOT),06/07/2021
10006427,University for the Creative Arts,06/07/2021
10006840,The University of Birmingham,06/07/2021
10007843,"St Mary's University, Twickenham",06/07/2021
10000961,Brunel University London,14/07/2021
10001282,University of Northumbria at Newcastle,14/07/2021
10002718,Goldsmiths College,14/07/2021
10004116,EAST COAST COLLEGE,14/07/2021
10004599,NCG,14/07/2021
10007148,The University of Huddersfield,14/07/2021
10007823,Edge Hill University,14/07/2021
10014001,University of Suffolk,14/07/2021
10006093,Spurgeon's College,21/07/2021
10007148,The University of Huddersfield,21/07/2021
10003614,The University of Winchester,28/07/2021
10007139,University of Worcester,28/07/2021
10000291,Anglia Ruskin University,04/08/2021
10000961,Brunel University London,04/08/2021
10003614,The University of Winchester,04/08/2021
10004320,The Metanoia Institute,04/08/2021
10007148,The University of Huddersfield,04/08/2021
10022022,LONDON SCHOOL OF OSTEOPATHY,04/08/2021
10004797,The Nottingham Trent University,11/08/2021
10006427,University for the Creative Arts,11/08/2021
10007856,Aberystwyth University,11/08/2021
10015688,David Game College Ltd,11/08/2021
10020858,NOVA CENTRIC LIMITED,11/08/2021
10067406,New Model Institute for Technology and Engineering (NMITE),11/08/2021
