UKPRN,PROVIDER_NAME,DATASET_ITEM_AFFECTED,WEBSITE_SECTION,NUMBER OF COURSES,DATE,NOTES
10004116,EAST COAST COLLEGE,KISCOURSE,All sections,1,10/11/2020,-
10007138,The University of Northampton,KISCOURSE,All sections,71,10/11/2020,-
10007148,The University of Huddersfield,KISCOURSE,All sections,5,10/11/2020,-
10007156,The University of Salford,KISCOURSE,All sections,17,10/11/2020,-
10007764,Heriot-Watt University,KISCOURSE,All sections,15,10/11/2020,-
10014001,University of Suffolk,KISCOURSE,All sections,19,10/11/2020,-
10005127,Plymouth College of Art,KISCOURSE,All sections,2,17/11/2020,-
10005553,Royal Holloway and Bedford New College,KISCOURSE,All sections,13,17/11/2020,-
10007149,The University of Hull,KISCOURSE,All sections,22,17/11/2020,-
10007159,The University of Sunderland,KISCOURSE,All sections,4,17/11/2020,-
10000533,Barnet & Southgate College,KISCOURSE,All sections,4,24/11/2020,-
10003863,Leeds Trinity University,KISCOURSE,All sections,2,24/11/2020,-
10006963,New City College,KISCOURSE,All sections,1,24/11/2020,-
10007157,The University of Sheffield,KISCOURSE,All sections,33,24/11/2020,-
10007760,Birkbeck College,COMMON,Employment 15 months after the course,5,24/11/2020,-
10007760,Birkbeck College,CONTINUATION,After 1 year on the course,9,24/11/2020,-
10007760,Birkbeck College,EMPLOYMENT,Employment 15 months after the course,5,24/11/2020,-
10007760,Birkbeck College,GOVOICEWORK,Graduate perceptions,5,24/11/2020,-
10007760,Birkbeck College,JOBTYPE,Employment 15 months after the course,5,24/11/2020,-
10007760,Birkbeck College,GOSALARY,Earnings after the course,5,24/11/2020,-
10007760,Birkbeck College,NHSNSS,Student satisfaction,3,24/11/2020,-
10007760,Birkbeck College,NSS,Student satisfaction,10,24/11/2020,-
10007760,Birkbeck College,KISCOURSE,All sections,25,24/11/2020,-
10007760,Birkbeck College,ENTRY,Entry information,10,24/11/2020,-
10007760,Birkbeck College,TARIFF,Entry information,7,24/11/2020,-
10023442,The College of Osteopaths,INSTITUTION,All sections,N/A,24/11/2020,-
10000712,University College Birmingham,KISCOURSE,All sections,8,01/12/2020,-
10001478,"City, University of London",KISCOURSE,All sections,9,01/12/2020,-
10003614,The University of Winchester,ENTRY,Entry information,1,01/12/2020,-
10003614,The University of Winchester,TARIFF,Entry information,1,01/12/2020,-
10003614,The University of Winchester,KISCOURSE,All sections,6,01/12/2020,-
10003861,Leeds Beckett University,ENTRY,Entry information,4,01/12/2020,-
10003861,Leeds Beckett University,NHSNSS,Student satisfaction,3,01/12/2020,-
10003861,Leeds Beckett University,NSS,Student satisfaction,4,01/12/2020,-
10003861,Leeds Beckett University,TARIFF,Entry information,4,01/12/2020,-
10003861,Leeds Beckett University,COMMON AND/OR JOBLIST,Employment 15 months after the course,1,01/12/2020,-
10003861,Leeds Beckett University,CONTINUATION,After 1 year on the course,1,01/12/2020,-
10003861,Leeds Beckett University,EMPLOYMENT,Employment 15 months after the course,1,01/12/2020,-
10003861,Leeds Beckett University,GOVOICEWORK,Graduate perceptions,1,01/12/2020,-
10003861,Leeds Beckett University,JOBTYPE,Employment 15 months after the course,1,01/12/2020,-
10004351,Middlesex University,KISCOURSE,All sections,4,01/12/2020,-
10007149,The University of Hull,KISCOURSE,All sections,19,01/12/2020,-
10007164,"University of the West of England, Bristol",KISCOURSE,All sections,5,01/12/2020,-
10007764,Heriot-Watt University,KISCOURSE,All sections,1,08/12/2020,-
10007850,The University of Bath,KISCOURSE,All sections,7,08/12/2020,-
10008640,Falmouth University,KISCOURSE,All sections,3,08/12/2020,-
10086591,Regent's University London Limited,INSTITUTION,All sections,N/A,08/12/2020,-
10000415,Askham Bryan College,COMMON,Employment 15 months after the course,3,15/12/2020,-
10000533,Barnet & Southgate College,COMMON,Employment 15 months after the course,1,15/12/2020,-
10000610,Bedford College,COMMON,Employment 15 months after the course,2,15/12/2020,-
10000721,Bishop Burton College,COMMON,Employment 15 months after the course,4,15/12/2020,-
10000747,Blackburn College,COMMON,Employment 15 months after the course,5,15/12/2020,-
10000754,Blackpool and the Fylde College,COMMON,Employment 15 months after the course,1,15/12/2020,-
10000812,Boston College,COMMON,Employment 15 months after the course,3,15/12/2020,-
10000820,The Bournemouth and Poole College,COMMON,Employment 15 months after the course,3,15/12/2020,-
10000820,The Bournemouth and Poole College,CONTINUATION,After 1 year on the course,3,15/12/2020,-
10000820,The Bournemouth and Poole College,ENTRY,Entry information,2,15/12/2020,-
10000840,Bradford College,COMMON,Employment 15 months after the course,1,15/12/2020,-
10000878,Bridgwater and Taunton College,COMMON,Employment 15 months after the course,9,15/12/2020,-
10000948,Bromley College of Further and Higher Education,COMMON,Employment 15 months after the course,3,15/12/2020,-
10001000,Burnley College,CONTINUATION,After 1 year on the course,7,15/12/2020,-
10001000,Burnley College,ENTRY,Entry information,6,15/12/2020,-
10001000,Burnley College,NSS,Student satisfaction,3,15/12/2020,-
10001000,Burnley College,TARIFF,Entry information,3,15/12/2020,-
10001005,Bury College,COMMON,Employment 15 months after the course,3,15/12/2020,-
10001093,Calderdale College,CONTINUATION,After 1 year on the course,1,15/12/2020,-
10001093,Calderdale College,ENTRY,Entry information,1,15/12/2020,-
10001143,Canterbury Christ Church University,NSS,Student satisfaction,31,15/12/2020,-
10001143,Canterbury Christ Church University,NHSNSS,Student satisfaction,5,15/12/2020,-
10001201,CARMEL COLLEGE,CONTINUATION,After 1 year on the course,2,15/12/2020,-
10001201,CARMEL COLLEGE,ENTRY,Entry information,2,15/12/2020,-
10001201,CARMEL COLLEGE,TARIFF,Entry information,2,15/12/2020,-
10001467,City of Bristol College,COMMON,Employment 15 months after the course,2,15/12/2020,-
10001475,City of Sunderland College,COMMON AND/OR JOBLIST,Employment 15 months after the course,2,15/12/2020,-
10001503,The Northern School of Art,COMMON AND/OR JOBLIST,Employment 15 months after the course,4,15/12/2020,-
10001503,The Northern School of Art,COMMON,Employment 15 months after the course,8,15/12/2020,-
10001535,Colchester Institute,COMMON,Employment 15 months after the course,7,15/12/2020,-
10001696,Cornwall College,COMMON,Employment 15 months after the course,7,15/12/2020,-
10001743,Craven College,COMMON,Employment 15 months after the course,2,15/12/2020,-
10001919,DCG,COMMON,Employment 15 months after the course,1,15/12/2020,-
10001919,DCG,CONTINUATION,After 1 year on the course,1,15/12/2020,-
10002061,Central Bedfordshire College,COMMON,Employment 15 months after the course,1,15/12/2020,-
10002370,Exeter College,COMMON,Employment 15 months after the course,3,15/12/2020,-
10002412,Farnborough College of Technology,COMMON,Employment 15 months after the course,2,15/12/2020,-
10002743,Grantham College,CONTINUATION,After 1 year on the course,6,15/12/2020,-
10002743,Grantham College,ENTRY,Entry information,6,15/12/2020,-
10002743,Grantham College,NSS,Student satisfaction,4,15/12/2020,-
10002843,Hadlow College,NSS,Student satisfaction,6,15/12/2020,-
10002843,Hadlow College,EMPLOYMENT,Employment 15 months after the course,2,15/12/2020,-
10002923,East Sussex College Group,COMMON,Employment 15 months after the course,2,15/12/2020,-
10003022,Hereford College of Arts,COMMON AND/OR JOBLIST,Employment 15 months after the course,11,15/12/2020,-
10003146,Hopwood Hall College,CONTINUATION,After 1 year on the course,1,15/12/2020,-
10003146,Hopwood Hall College,ENTRY,Entry information,1,15/12/2020,-
10003193,Hugh Baird College,CONTINUATION,After 1 year on the course,1,15/12/2020,-
10003200,Hull College,COMMON AND/OR JOBLIST,Employment 15 months after the course,2,15/12/2020,-
10003200,Hull College,COMMON,Employment 15 months after the course,1,15/12/2020,-
10003674,South Thames Colleges Group,COMMON AND/OR JOBLIST,Employment 15 months after the course,1,15/12/2020,-
10003676,Kingston Maurward College,ENTRY,Entry information,1,15/12/2020,-
10003861,Leeds Beckett University,KISCOURSE,All sections,31,15/12/2020,-
10003861,Leeds Beckett University,COMMON,Employment 15 months after the course,8,15/12/2020,-
10003861,Leeds Beckett University,CONTINUATION,After 1 year on the course,6,15/12/2020,-
10003861,Leeds Beckett University,EMPLOYMENT,Employment 15 months after the course,8,15/12/2020,-
10003861,Leeds Beckett University,ENTRY,Entry information,5,15/12/2020,-
10003861,Leeds Beckett University,GOVOICEWORK,Graduate perceptions,8,15/12/2020,-
10003861,Leeds Beckett University,JOBTYPE,Employment 15 months after the course,8,15/12/2020,-
10003861,Leeds Beckett University,NHSNSS,Student satisfaction,12,15/12/2020,-
10003861,Leeds Beckett University,NSS,Student satisfaction,12,15/12/2020,-
10003861,Leeds Beckett University,GOSALARY,Earnings after the course,8,15/12/2020,-
10003861,Leeds Beckett University,TARIFF,Entry information,5,15/12/2020,-
10003867,Leicester College,TARIFF,Entry information,1,15/12/2020,-
10003928,Lincoln College,COMMON,Employment 15 months after the course,1,15/12/2020,-
10003956,Liverpool Hope University,COMMON,Employment 15 months after the course,98,15/12/2020,-
10003956,Liverpool Hope University,COMMON AND/OR JOBLIST,Employment 15 months after the course,411,15/12/2020,-
10003957,Liverpool John Moores University,COMMON AND/OR JOBLIST,Employment 15 months after the course,8,15/12/2020,-
10003957,Liverpool John Moores University,EMPLOYMENT,Employment 15 months after the course,4,15/12/2020,-
10003957,Liverpool John Moores University,GOVOICEWORK,Graduate perceptions,8,15/12/2020,-
10003957,Liverpool John Moores University,JOBTYPE,Employment 15 months after the course,8,15/12/2020,-
10003957,Liverpool John Moores University,GOSALARY,Earnings after the course,8,15/12/2020,-
10004112,Loughborough College,COMMON,Employment 15 months after the course,3,15/12/2020,-
10004116,EAST COAST COLLEGE,KISCOURSE,All sections,2,15/12/2020,-
10004344,Middlesbrough College,CONTINUATION,After 1 year on the course,15,15/12/2020,-
10004344,Middlesbrough College,ENTRY,Entry information,8,15/12/2020,-
10004344,Middlesbrough College,COMMON,Employment 15 months after the course,2,15/12/2020,-
10004344,Middlesbrough College,EMPLOYMENT,Employment 15 months after the course,2,15/12/2020,-
10004344,Middlesbrough College,GOVOICEWORK,Graduate perceptions,2,15/12/2020,-
10004344,Middlesbrough College,JOBTYPE,Employment 15 months after the course,2,15/12/2020,-
10004344,Middlesbrough College,GOSALARY,Earnings after the course,2,15/12/2020,-
10004344,Middlesbrough College,NSS,Student satisfaction,1,15/12/2020,-
10004432,Morley College Limited,COMMON,Employment 15 months after the course,5,15/12/2020,-
10004442,Moulton College,COMMON,Employment 15 months after the course,1,15/12/2020,-
10004478,Myerscough College,COMMON,Employment 15 months after the course,16,15/12/2020,-
10004552,Nelson and Colne College,COMMON,Employment 15 months after the course,4,15/12/2020,-
10004552,Nelson and Colne College,CONTINUATION,After 1 year on the course,1,15/12/2020,-
10004576,New College Durham,COMMON,Employment 15 months after the course,5,15/12/2020,-
10004577,Nottingham College,COMMON,Employment 15 months after the course,13,15/12/2020,-
10004579,New College Swindon,CONTINUATION,After 1 year on the course,11,15/12/2020,-
10004579,New College Swindon,ENTRY,Entry information,8,15/12/2020,-
10004579,New College Swindon,NSS,Student satisfaction,8,15/12/2020,-
10004579,New College Swindon,LEO3,Earnings after the course,8,15/12/2020,-
10004579,New College Swindon,LEO5,Earnings after the course,8,15/12/2020,-
10004579,New College Swindon,COMMON,Employment 15 months after the course,2,15/12/2020,-
10004579,New College Swindon,EMPLOYMENT,Employment 15 months after the course,2,15/12/2020,-
10004579,New College Swindon,GOVOICEWORK,Graduate perceptions,2,15/12/2020,-
10004579,New College Swindon,JOBTYPE,Employment 15 months after the course,2,15/12/2020,-
10004579,New College Swindon,TARIFF,Entry information,2,15/12/2020,-
10004596,Newbury College,COMMON,Employment 15 months after the course,1,15/12/2020,-
10004599,NCG,COMMON,Employment 15 months after the course,1,15/12/2020,-
10004676,Petroc,COMMON,Employment 15 months after the course,2,15/12/2020,-
10004676,Petroc,CONTINUATION,After 1 year on the course,2,15/12/2020,-
10004676,Petroc,ENTRY,Entry information,2,15/12/2020,-
10004686,North East Surrey College of Technology (NESCOT),CONTINUATION,After 1 year on the course,3,15/12/2020,-
10004686,North East Surrey College of Technology (NESCOT),ENTRY,Entry information,3,15/12/2020,-
10004686,North East Surrey College of Technology (NESCOT),NSS,Student satisfaction,3,15/12/2020,-
10004686,North East Surrey College of Technology (NESCOT),TARIFF,Entry information,3,15/12/2020,-
10004690,North Hertfordshire College,CONTINUATION,After 1 year on the course,1,15/12/2020,-
10004690,North Hertfordshire College,ENTRY,Entry information,1,15/12/2020,-
10004695,DN Colleges Group,COMMON AND/OR JOBLIST,Employment 15 months after the course,2,15/12/2020,-
10004927,Activate Learning,ENTRY,Entry information,1,15/12/2020,-
10004927,Activate Learning,NSS,Student satisfaction,3,15/12/2020,-
10004927,Activate Learning,TARIFF,Entry information,3,15/12/2020,-
10004927,Activate Learning,CONTINUATION,After 1 year on the course,2,15/12/2020,-
10004927,Activate Learning,COMMON,Employment 15 months after the course,1,15/12/2020,-
10004927,Activate Learning,GOVOICEWORK,Graduate perceptions,1,15/12/2020,-
10004927,Activate Learning,GOSALARY,Earnings after the course,1,15/12/2020,-
10005072,Peter Symonds College,COMMON,Employment 15 months after the course,4,15/12/2020,-
10005124,Plumpton College,COMMON,Employment 15 months after the course,7,15/12/2020,-
10005124,Plumpton College,CONTINUATION,After 1 year on the course,4,15/12/2020,-
10005128,City College Plymouth,COMMON,Employment 15 months after the course,2,15/12/2020,-
10005128,City College Plymouth,COMMON AND/OR JOBLIST,Employment 15 months after the course,6,15/12/2020,-
10005404,Reaseheath College,COMMON AND/OR JOBLIST,Employment 15 months after the course,11,15/12/2020,-
10005534,RNN Group,COMMON,Employment 15 months after the course,1,15/12/2020,-
10005583,Ruskin College,COMMON,Employment 15 months after the course,1,15/12/2020,-
10005741,Selby College,COMMON,Employment 15 months after the course,2,15/12/2020,-
10005822,Shrewsbury Colleges Group,COMMON,Employment 15 months after the course,3,15/12/2020,-
10005946,Solihull College and University Centre,CONTINUATION,After 1 year on the course,1,15/12/2020,-
10005946,Solihull College and University Centre,ENTRY,Entry information,1,15/12/2020,-
10005967,South & City College Birmingham,COMMON,Employment 15 months after the course,1,15/12/2020,-
10005967,South & City College Birmingham,JOBTYPE,Employment 15 months after the course,1,15/12/2020,-
10005967,South & City College Birmingham,TARIFF,Entry information,1,15/12/2020,-
10005967,South & City College Birmingham,CONTINUATION,After 1 year on the course,2,15/12/2020,-
10005967,South & City College Birmingham,ENTRY,Entry information,2,15/12/2020,-
10005967,South & City College Birmingham,NSS,Student satisfaction,1,15/12/2020,-
10005977,South Devon College,COMMON,Employment 15 months after the course,7,15/12/2020,-
10005979,Havant and South Downs College,CONTINUATION,After 1 year on the course,5,15/12/2020,-
10005979,Havant and South Downs College,ENTRY,Entry information,5,15/12/2020,-
10005979,Havant and South Downs College,NSS,Student satisfaction,3,15/12/2020,-
10005979,Havant and South Downs College,TARIFF,Entry information,2,15/12/2020,-
10005979,Havant and South Downs College,COMMON,Employment 15 months after the course,1,15/12/2020,-
10005979,Havant and South Downs College,EMPLOYMENT,Employment 15 months after the course,1,15/12/2020,-
10005979,Havant and South Downs College,GOVOICEWORK,Graduate perceptions,1,15/12/2020,-
10005979,Havant and South Downs College,JOBTYPE,Employment 15 months after the course,1,15/12/2020,-
10005981,South Essex College of Further and Higher Education,COMMON,Employment 15 months after the course,7,15/12/2020,-
10005998,The Trafford College Group,COMMON,Employment 15 months after the course,1,15/12/2020,-
10006050,Sparsholt College,COMMON,Employment 15 months after the course,11,15/12/2020,-
10006174,St Helens College,COMMON,Employment 15 months after the course,2,15/12/2020,-
10006398,SUFFOLK NEW COLLEGE,KISCOURSE,All sections,1,15/12/2020,-
10006442,Birmingham Metropolitan College,NSS,Student satisfaction,2,15/12/2020,-
10006442,Birmingham Metropolitan College,CONTINUATION,After 1 year on the course,2,15/12/2020,-
10006442,Birmingham Metropolitan College,ENTRY,Entry information,1,15/12/2020,-
10006494,Tameside College,COMMON,Employment 15 months after the course,1,15/12/2020,-
10006549,Telford College,CONTINUATION,After 1 year on the course,1,15/12/2020,-
10006549,Telford College,ENTRY,Entry information,1,15/12/2020,-
10006549,Telford College,NSS,Student satisfaction,1,15/12/2020,-
10006770,The Oldham College,COMMON,Employment 15 months after the course,1,15/12/2020,-
10006770,The Oldham College,CONTINUATION,After 1 year on the course,1,15/12/2020,-
10006963,New City College,COMMON,Employment 15 months after the course,1,15/12/2020,-
10007063,Truro and Penwith College,EMPLOYMENT,Employment 15 months after the course,2,15/12/2020,-
10007063,Truro and Penwith College,JOBTYPE,Employment 15 months after the course,2,15/12/2020,-
10007137,The University of Chichester,KISCOURSE,All sections,4,15/12/2020,-
10007140,Birmingham City University,KISCOURSE,All sections,2,15/12/2020,-
10007148,The University of Huddersfield,KISCOURSE,All sections,3,15/12/2020,-
10007165,The University of Westminster,KISCOURSE,All sections,6,15/12/2020,-
10007289,Wakefield College,COMMON,Employment 15 months after the course,9,15/12/2020,-
10007417,West Herts College,COMMON AND/OR JOBLIST,Employment 15 months after the course,6,15/12/2020,-
10007417,West Herts College,COMMON,Employment 15 months after the course,1,15/12/2020,-
10007417,West Herts College,EMPLOYMENT,Employment 15 months after the course,1,15/12/2020,-
10007417,West Herts College,JOBTYPE,Employment 15 months after the course,1,15/12/2020,-
10007455,The WKCIC Group,CONTINUATION,After 1 year on the course,3,15/12/2020,-
10007455,The WKCIC Group,ENTRY,Entry information,2,15/12/2020,-
10007455,The WKCIC Group,COMMON,Employment 15 months after the course,1,15/12/2020,-
10007455,The WKCIC Group,NSS,Student satisfaction,1,15/12/2020,-
10007455,The WKCIC Group,TARIFF,Entry information,3,15/12/2020,-
10007459,Weston College of Further and Higher Education,COMMON,Employment 15 months after the course,6,15/12/2020,-
10007459,Weston College of Further and Higher Education,EMPLOYMENT,Employment 15 months after the course,5,15/12/2020,-
10007459,Weston College of Further and Higher Education,GOVOICEWORK,Graduate perceptions,5,15/12/2020,-
10007459,Weston College of Further and Higher Education,JOBTYPE,Employment 15 months after the course,5,15/12/2020,-
10007459,Weston College of Further and Higher Education,TARIFF,Entry information,6,15/12/2020,-
10007459,Weston College of Further and Higher Education,CONTINUATION,After 1 year on the course,7,15/12/2020,-
10007459,Weston College of Further and Higher Education,NSS,Student satisfaction,4,15/12/2020,-
10007459,Weston College of Further and Higher Education,ENTRY,Entry information,5,15/12/2020,-
10007459,Weston College of Further and Higher Education,GOSALARY,Earnings after the course,1,15/12/2020,-
10007469,Weymouth College,CONTINUATION,After 1 year on the course,4,15/12/2020,-
10007469,Weymouth College,ENTRY,Entry information,1,15/12/2020,-
10007527,Wiltshire College and University Centre,ENTRY,Entry information,3,15/12/2020,-
10007527,Wiltshire College and University Centre,NSS,Student satisfaction,3,15/12/2020,-
10007527,Wiltshire College and University Centre,CONTINUATION,After 1 year on the course,2,15/12/2020,-
10007527,Wiltshire College and University Centre,TARIFF,Entry information,2,15/12/2020,-
10007578,City of Wolverhampton College,COMMON,Employment 15 months after the course,3,15/12/2020,-
10007820,Grwp Llandrillo Menai,COMMON,Employment 15 months after the course,1,15/12/2020,-
10007820,Grwp Llandrillo Menai,EMPLOYMENT,Employment 15 months after the course,1,15/12/2020,-
10007820,Grwp Llandrillo Menai,GOVOICEWORK,Graduate perceptions,1,15/12/2020,-
10007820,Grwp Llandrillo Menai,JOBTYPE,Employment 15 months after the course,1,15/12/2020,-
10007820,Grwp Llandrillo Menai,GOSALARY,Earnings after the course,1,15/12/2020,-
10007851,University of Derby,KISCOURSE,All sections,13,15/12/2020,-
10007854,Cardiff Metropolitan University,KISCOURSE,All sections,16,15/12/2020,-
10007938,Grimsby Institute of Further and Higher Education,CONTINUATION,After 1 year on the course,15,15/12/2020,-
10007938,Grimsby Institute of Further and Higher Education,ENTRY,Entry information,13,15/12/2020,-
10007938,Grimsby Institute of Further and Higher Education,LEO3,Earnings after the course,7,15/12/2020,-
10007938,Grimsby Institute of Further and Higher Education,LEO5,Earnings after the course,7,15/12/2020,-
10007938,Grimsby Institute of Further and Higher Education,NSS,Student satisfaction,12,15/12/2020,-
10007938,Grimsby Institute of Further and Higher Education,COMMON,Employment 15 months after the course,2,15/12/2020,-
10007938,Grimsby Institute of Further and Higher Education,EMPLOYMENT,Employment 15 months after the course,1,15/12/2020,-
10007938,Grimsby Institute of Further and Higher Education,JOBTYPE,Employment 15 months after the course,1,15/12/2020,-
10008430,PLATFORM ONE (IOW) LIMITED,LEO3,Earnings after the course,1,15/12/2020,-
10008430,PLATFORM ONE (IOW) LIMITED,LEO5,Earnings after the course,1,15/12/2020,-
10008455,Regent College,CONTINUATION,After 1 year on the course,18,15/12/2020,-
10008455,Regent College,ENTRY,Entry information,18,15/12/2020,-
10008640,Falmouth University,LEO3,Earnings after the course,32,15/12/2020,-
10008640,Falmouth University,LEO5,Earnings after the course,32,15/12/2020,-
10008912,COLEG GWENT,LEO3,Earnings after the course,11,15/12/2020,-
10008912,COLEG GWENT,LEO5,Earnings after the course,11,15/12/2020,-
10008914,COLEG Y CYMOEDD,LEO3,Earnings after the course,4,15/12/2020,-
10008914,COLEG Y CYMOEDD,LEO5,Earnings after the course,5,15/12/2020,-
10009099,URDANG SCHOOLS LIMITED,LEO3,Earnings after the course,1,15/12/2020,-
10009099,URDANG SCHOOLS LIMITED,LEO5,Earnings after the course,1,15/12/2020,-
10009186,GLASGOW CLYDE COLLEGE,LEO3,Earnings after the course,1,15/12/2020,-
10009186,GLASGOW CLYDE COLLEGE,LEO5,Earnings after the course,1,15/12/2020,-
10009213,FASHION RETAIL ACADEMY,LEO3,Earnings after the course,2,15/12/2020,-
10009213,FASHION RETAIL ACADEMY,LEO5,Earnings after the course,2,15/12/2020,-
10009614,Grwp NPTC Group,LEO3,Earnings after the course,8,15/12/2020,-
10009614,Grwp NPTC Group,LEO5,Earnings after the course,8,15/12/2020,-
10010457,SPIRIT SSR LIMITED,LEO3,Earnings after the course,1,15/12/2020,-
10010457,SPIRIT SSR LIMITED,LEO5,Earnings after the course,1,15/12/2020,-
10014001,University of Suffolk,LEO3,Earnings after the course,74,15/12/2020,-
10014001,University of Suffolk,LEO5,Earnings after the course,74,15/12/2020,-
10014001,University of Suffolk,KISCOURSE,All sections,15,15/12/2020,-
10020436,The Royal School of Needlework,LEO3,Earnings after the course,1,15/12/2020,-
10020436,The Royal School of Needlework,LEO5,Earnings after the course,1,15/12/2020,-
10020858,NOVA CENTRIC LIMITED,LEO3,Earnings after the course,6,15/12/2020,-
10020858,NOVA CENTRIC LIMITED,LEO5,Earnings after the course,6,15/12/2020,-
10020936,THE LONDON EARLY YEARS FOUNDATION,LEO3,Earnings after the course,1,15/12/2020,-
10020936,THE LONDON EARLY YEARS FOUNDATION,LEO5,Earnings after the course,1,15/12/2020,-
10021682,Kaplan Open Learning,LEO3,Earnings after the course,6,15/12/2020,-
10021682,Kaplan Open Learning,LEO5,Earnings after the course,10,15/12/2020,-
10021682,Kaplan Open Learning,COMMON AND/OR JOBLIST,Employment 15 months after the course,1,15/12/2020,-
10021682,Kaplan Open Learning,EMPLOYMENT,Employment 15 months after the course,2,15/12/2020,-
10021682,Kaplan Open Learning,JOBTYPE,Employment 15 months after the course,2,15/12/2020,-
10021682,Kaplan Open Learning,COMMON,Employment 15 months after the course,1,15/12/2020,-
10022022,LONDON SCHOOL OF OSTEOPATHY,LEO3,Earnings after the course,3,15/12/2020,-
10022022,LONDON SCHOOL OF OSTEOPATHY,LEO5,Earnings after the course,3,15/12/2020,-
10022087,Futureworks,COMMON AND/OR JOBLIST,Employment 15 months after the course,2,15/12/2020,-
10022087,Futureworks,EMPLOYMENT,Employment 15 months after the course,2,15/12/2020,-
10022087,Futureworks,JOBTYPE,Employment 15 months after the course,4,15/12/2020,-
10023139,LTE Group,LEO3,Earnings after the course,27,15/12/2020,-
10023139,LTE Group,LEO5,Earnings after the course,27,15/12/2020,-
10024962,Leeds City College,ENTRY,Entry information,44,15/12/2020,-
10024962,Leeds City College,LEO3,Earnings after the course,32,15/12/2020,-
10024962,Leeds City College,LEO5,Earnings after the course,35,15/12/2020,-
10024962,Leeds City College,COMMON,Employment 15 months after the course,8,15/12/2020,-
10030408,Gower College Swansea,LEO3,Earnings after the course,1,15/12/2020,-
10030408,Gower College Swansea,LEO5,Earnings after the course,1,15/12/2020,-
10034324,Court Theatre Training Company Ltd,LEO3,Earnings after the course,1,15/12/2020,-
10034324,Court Theatre Training Company Ltd,LEO5,Earnings after the course,1,15/12/2020,-
10034449,Leeds Conservatoire,LEO3,Earnings after the course,38,15/12/2020,-
10034449,Leeds Conservatoire,LEO5,Earnings after the course,38,15/12/2020,-
10036143,South Gloucestershire and Stroud College,LEO3,Earnings after the course,13,15/12/2020,-
10036143,South Gloucestershire and Stroud College,LEO5,Earnings after the course,13,15/12/2020,-
10036143,South Gloucestershire and Stroud College,COMMON,Employment 15 months after the course,1,15/12/2020,-
10036143,South Gloucestershire and Stroud College,CONTINUATION,After 1 year on the course,2,15/12/2020,-
10036143,South Gloucestershire and Stroud College,EMPLOYMENT,Employment 15 months after the course,1,15/12/2020,-
10036143,South Gloucestershire and Stroud College,ENTRY,Entry information,2,15/12/2020,-
10036143,South Gloucestershire and Stroud College,JOBTYPE,Employment 15 months after the course,1,15/12/2020,-
10036143,South Gloucestershire and Stroud College,NSS,Student satisfaction,1,15/12/2020,-
10036143,South Gloucestershire and Stroud College,TARIFF,Entry information,1,15/12/2020,-
10036456,Backstage Academy (Training) Ltd,LEO3,Earnings after the course,3,15/12/2020,-
10036456,Backstage Academy (Training) Ltd,LEO5,Earnings after the course,3,15/12/2020,-
10037449,University of St Mark and St John,LEO3,Earnings after the course,32,15/12/2020,-
10037449,University of St Mark and St John,LEO5,Earnings after the course,32,15/12/2020,-
10039958,BIRMINGHAM COMMUNITY HEALTHCARE NHS FOUNDATION TRUST,LEO3,Earnings after the course,1,15/12/2020,-
10039958,BIRMINGHAM COMMUNITY HEALTHCARE NHS FOUNDATION TRUST,LEO5,Earnings after the course,1,15/12/2020,-
10040812,Harper Adams University,LEO3,Earnings after the course,52,15/12/2020,-
10040812,Harper Adams University,LEO5,Earnings after the course,52,15/12/2020,-
10041563,SHOCKOUT ARTS LTD,LEO3,Earnings after the course,3,15/12/2020,-
10041563,SHOCKOUT ARTS LTD,LEO5,Earnings after the course,3,15/12/2020,-
10043164,UCFB COLLEGE OF FOOTBALL BUSINESS LIMITED,LEO3,Earnings after the course,36,15/12/2020,-
10043164,UCFB COLLEGE OF FOOTBALL BUSINESS LIMITED,LEO5,Earnings after the course,36,15/12/2020,-
10065146,CITY OF STOKE-ON-TRENT SIXTH FORM COLLEGE,LEO3,Earnings after the course,4,15/12/2020,-
10065146,CITY OF STOKE-ON-TRENT SIXTH FORM COLLEGE,LEO5,Earnings after the course,4,15/12/2020,-
10067853,ACM Guildford Limited,LEO3,Earnings after the course,2,15/12/2020,-
10067853,ACM Guildford Limited,LEO5,Earnings after the course,2,15/12/2020,-
10068157,University Centre Peterborough,CONTINUATION,After 1 year on the course,12,15/12/2020,-
10068157,University Centre Peterborough,EMPLOYMENT,Employment 15 months after the course,5,15/12/2020,-
10068157,University Centre Peterborough,NSS,Student satisfaction,7,15/12/2020,-
10068157,University Centre Peterborough,COMMON,Employment 15 months after the course,1,15/12/2020,-
10068157,University Centre Peterborough,GOVOICEWORK,Graduate perceptions,1,15/12/2020,-
10068157,University Centre Peterborough,JOBTYPE,Employment 15 months after the course,1,15/12/2020,-
10068157,University Centre Peterborough,GOSALARY,Earnings after the course,1,15/12/2020,-
10080811,Hartpury University,COMMON,Employment 15 months after the course,23,15/12/2020,-
10080811,Hartpury University,LEO3,Earnings after the course,47,15/12/2020,-
10080811,Hartpury University,LEO5,Earnings after the course,47,15/12/2020,-
10080811,Hartpury University,COMMON AND/OR JOBLIST,Employment 15 months after the course,34,15/12/2020,-
10085293,WATERBEAR EDUCATION LTD,LEO3,Earnings after the course,2,15/12/2020,-
10085293,WATERBEAR EDUCATION LTD,LEO5,Earnings after the course,2,15/12/2020,-
10086107,FOURTH MONKEY EDUCATION LIMITED,LEO3,Earnings after the course,1,15/12/2020,-
10086107,FOURTH MONKEY EDUCATION LIMITED,LEO5,Earnings after the course,1,15/12/2020,-
99999998,Hull York Medical School,LEO3,Earnings after the course,2,15/12/2020,-
99999998,Hull York Medical School,LEO5,Earnings after the course,2,15/12/2020,-
99999999,Brighton and Sussex Medical School,LEO3,Earnings after the course,1,15/12/2020,-
99999999,Brighton and Sussex Medical School,LEO5,Earnings after the course,1,15/12/2020,-
10008119,BRIDGEND COLLEGE OF TECHNOLOGY,INSTITUTION,All sections,N/A,15/12/2020,-
10034450,CARDIFF AND VALE COLLEGE,INSTITUTION,All sections,N/A,15/12/2020,-
10000886,The University of Brighton,KISCOURSE,All sections,3,22/12/2020,-
10003614,The University of Winchester,KISCOURSE,All sections,3,22/12/2020,-
10003678,Kingston University,KISCOURSE,All sections,244,22/12/2020,-
10004061,Bloomsbury Institute,INSTITUTION,All sections,N/A,22/12/2020,-
10006022,Solent University,KISCOURSE,All sections,88,22/12/2020,-
10006770,The Oldham College,KISCOURSE,All sections,1,22/12/2020,-
10007785,The University of Bradford,KISCOURSE,All sections,12,22/12/2020,-
10007785,The University of Bradford,EMPLOYMENT,Employment 15 months after the course,1,22/12/2020,-
10007785,The University of Bradford,NSS,Student satisfaction,1,22/12/2020,-
10036456,Backstage Academy (Training) Ltd,INSTITUTION,All sections,N/A,22/12/2020,-
10006427,University for the Creative Arts,KISCOURSE,All sections,20,05/01/2021,-
10006427,University for the Creative Arts,GOVOICEWORK,Graduate perceptions,6,05/01/2021,-
10006427,University for the Creative Arts,GOSALARY,Earnings after the course,6,05/01/2021,-
10006427,University for the Creative Arts,COMMON AND/OR JOBLIST,Employment 15 months after the course,3,05/01/2021,-
10006427,University for the Creative Arts,CONTINUATION,After 1 year on the course,3,05/01/2021,-
10006427,University for the Creative Arts,EMPLOYMENT,Employment 15 months after the course,3,05/01/2021,-
10006427,University for the Creative Arts,ENTRY,Entry information,3,05/01/2021,-
10006427,University for the Creative Arts,JOBTYPE,Employment 15 months after the course,3,05/01/2021,-
10006427,University for the Creative Arts,NSS,Student satisfaction,3,05/01/2021,-
10006427,University for the Creative Arts,TARIFF,Entry information,3,05/01/2021,-
10007148,The University of Huddersfield,COMMON,Employment 15 months after the course,1,05/01/2021,-
10007148,The University of Huddersfield,CONTINUATION,After 1 year on the course,1,05/01/2021,-
10007148,The University of Huddersfield,EMPLOYMENT,Employment 15 months after the course,1,05/01/2021,-
10007148,The University of Huddersfield,ENTRY,Entry information,1,05/01/2021,-
10007148,The University of Huddersfield,GOVOICEWORK,Graduate perceptions,1,05/01/2021,-
10007148,The University of Huddersfield,JOBTYPE,Employment 15 months after the course,1,05/01/2021,-
10007148,The University of Huddersfield,NHSNSS,Student satisfaction,1,05/01/2021,-
10007148,The University of Huddersfield,NSS,Student satisfaction,1,05/01/2021,-
10007148,The University of Huddersfield,GOSALARY,Earnings after the course,1,05/01/2021,-
10007148,The University of Huddersfield,TARIFF,Entry information,1,05/01/2021,-
10007148,The University of Huddersfield,KISCOURSE,All sections,1,05/01/2021,-
10062833,Raindance Educational Services Limited,INSTITUTION,All sections,N/A,05/01/2021,-
10067623,The London Interdisciplinary School Ltd,INSTITUTION,All sections,N/A,05/01/2021,-
10020436,The Royal School of Needlework,INSTITUTION,All sections,N/A,05/01/2021,-
10000055,Abingdon and Witney College,KISCOURSE,All sections,1,12/01/2021,-
10001282,University of Northumbria at Newcastle,KISCOURSE,All sections,7,12/01/2021,-
10003645,King's College London,KISCOURSE,All sections,4,12/01/2021,-
10003928,Lincoln College,COMMON,Employment 15 months after the course,6,12/01/2021,-
10003928,Lincoln College,CONTINUATION,After 1 year on the course,10,12/01/2021,-
10003928,Lincoln College,EMPLOYMENT,Employment 15 months after the course,6,12/01/2021,-
10003928,Lincoln College,GOVOICEWORK,Graduate perceptions,6,12/01/2021,-
10003928,Lincoln College,JOBTYPE,Employment 15 months after the course,6,12/01/2021,-
10003928,Lincoln College,NHSNSS,Student satisfaction,6,12/01/2021,-
10003928,Lincoln College,NSS,Student satisfaction,8,12/01/2021,-
10003928,Lincoln College,GOSALARY,Earnings after the course,6,12/01/2021,-
10003928,Lincoln College,KISCOURSE,All sections,15,12/01/2021,-
10003928,Lincoln College,ENTRY,Entry information,11,12/01/2021,-
10003928,Lincoln College,TARIFF,Entry information,8,12/01/2021,-
10003928,Lincoln College,LEO3,Earnings after the course,1,12/01/2021,-
10003928,Lincoln College,LEO5,Earnings after the course,1,12/01/2021,-
10004351,Middlesex University,KISCOURSE,All sections,3,12/01/2021,-
10006299,Staffordshire University,KISCOURSE,All sections,27,12/01/2021,-
10006398,SUFFOLK NEW COLLEGE,KISCOURSE,All sections,1,12/01/2021,-
10007148,The University of Huddersfield,KISCOURSE,All sections,3,12/01/2021,-
10007154,University of Nottingham,KISCOURSE,All sections,9,12/01/2021,-
10007816,The Royal Central School of Speech and Drama,KISCOURSE,All sections,1,12/01/2021,-
10014001,University of Suffolk,KISCOURSE,All sections,8,12/01/2021,-
10023456,Newbold College,INSTITUTION,All sections,N/A,12/01/2021,-
10037544,BIMM Limited,KISCOURSE,All sections,2,12/01/2021,-
10066502,The College of Health Ltd,INSTITUTION,All sections,N/A,12/01/2021,-
10004603,Newcastle and Stafford Colleges Group,INSTITUTION,All sections,N/A,12/01/2021,-
10006341,THE EDUCATION TRAINING COLLECTIVE,KISCOURSE,All sections,1,19/01/2021,-
10006963,New City College,KISCOURSE,All sections,23,19/01/2021,-
10007138,The University of Northampton,KISCOURSE,All sections,387,19/01/2021,-
10007148,The University of Huddersfield,KISCOURSE,All sections,2,19/01/2021,-
10007161,Teesside University,KISCOURSE,All sections,20,19/01/2021,-
10007764,Heriot-Watt University,KISCOURSE,All sections,3,19/01/2021,-
10007772,Edinburgh Napier University,KISCOURSE,All sections,9,19/01/2021,-
10007801,University of Plymouth,KISCOURSE,All sections,30,19/01/2021,-
10007804,The University of Stirling,KISCOURSE,All sections,1,19/01/2021,-
10007138,The University of Northampton,KISCOURSE,All sections,14,26/01/2021,-
10007157,The University of Sheffield,KISCOURSE,All sections,7,26/01/2021,-
10008119,BRIDGEND COLLEGE OF TECHNOLOGY,INSTITUTION,All sections,N/A,26/01/2021,-
10008430,PLATFORM ONE (IOW) LIMITED,LEO3,Earnings after the course,1,26/01/2021,-
10008430,PLATFORM ONE (IOW) LIMITED,LEO5,Earnings after the course,1,26/01/2021,-
10008640,Falmouth University,LEO3,Earnings after the course,32,26/01/2021,-
10008640,Falmouth University,LEO5,Earnings after the course,32,26/01/2021,-
10008912,COLEG GWENT,LEO3,Earnings after the course,11,26/01/2021,-
10008912,COLEG GWENT,LEO5,Earnings after the course,11,26/01/2021,-
10008914,COLEG Y CYMOEDD,LEO3,Earnings after the course,4,26/01/2021,-
10008914,COLEG Y CYMOEDD,LEO5,Earnings after the course,5,26/01/2021,-
10009099,URDANG SCHOOLS LIMITED,LEO3,Earnings after the course,1,26/01/2021,-
10009099,URDANG SCHOOLS LIMITED,LEO5,Earnings after the course,1,26/01/2021,-
10009186,GLASGOW CLYDE COLLEGE,LEO3,Earnings after the course,1,26/01/2021,-
10009186,GLASGOW CLYDE COLLEGE,LEO5,Earnings after the course,1,26/01/2021,-
10009213,FASHION RETAIL ACADEMY,LEO3,Earnings after the course,2,26/01/2021,-
10009213,FASHION RETAIL ACADEMY,LEO5,Earnings after the course,2,26/01/2021,-
10009614,Grwp NPTC Group,LEO3,Earnings after the course,8,26/01/2021,-
10009614,Grwp NPTC Group,LEO5,Earnings after the course,8,26/01/2021,-
10010457,SPIRIT SSR LIMITED,LEO3,Earnings after the course,1,26/01/2021,-
10010457,SPIRIT SSR LIMITED,LEO5,Earnings after the course,1,26/01/2021,-
10014001,University of Suffolk,LEO3,Earnings after the course,76,26/01/2021,-
10014001,University of Suffolk,LEO5,Earnings after the course,76,26/01/2021,-
10020858,NOVA CENTRIC LIMITED,LEO3,Earnings after the course,6,26/01/2021,-
10020858,NOVA CENTRIC LIMITED,LEO5,Earnings after the course,6,26/01/2021,-
10020936,THE LONDON EARLY YEARS FOUNDATION,LEO3,Earnings after the course,1,26/01/2021,-
10020936,THE LONDON EARLY YEARS FOUNDATION,LEO5,Earnings after the course,1,26/01/2021,-
10021682,Kaplan Open Learning,LEO3,Earnings after the course,6,26/01/2021,-
10021682,Kaplan Open Learning,LEO5,Earnings after the course,10,26/01/2021,-
10022022,LONDON SCHOOL OF OSTEOPATHY,LEO3,Earnings after the course,3,26/01/2021,-
10022022,LONDON SCHOOL OF OSTEOPATHY,LEO5,Earnings after the course,3,26/01/2021,-
10023139,LTE Group,LEO3,Earnings after the course,27,26/01/2021,-
10023139,LTE Group,LEO5,Earnings after the course,27,26/01/2021,-
10024962,Leeds City College,LEO3,Earnings after the course,32,26/01/2021,-
10024962,Leeds City College,LEO5,Earnings after the course,35,26/01/2021,-
10030408,Gower College Swansea,LEO3,Earnings after the course,1,26/01/2021,-
10030408,Gower College Swansea,LEO5,Earnings after the course,1,26/01/2021,-
10034324,Court Theatre Training Company Ltd,LEO3,Earnings after the course,1,26/01/2021,-
10034324,Court Theatre Training Company Ltd,LEO5,Earnings after the course,1,26/01/2021,-
10034449,Leeds Conservatoire,LEO3,Earnings after the course,38,26/01/2021,-
10034449,Leeds Conservatoire,LEO5,Earnings after the course,38,26/01/2021,-
10034450,CARDIFF AND VALE COLLEGE,INSTITUTION,All sections,N/A,26/01/2021,-
10036143,South Gloucestershire and Stroud College,LEO3,Earnings after the course,13,26/01/2021,-
10036143,South Gloucestershire and Stroud College,LEO5,Earnings after the course,13,26/01/2021,-
10036456,Backstage Academy (Training) Ltd,INSTITUTION,All sections,N/A,26/01/2021,-
10037364,CECOS COMPUTING INTERNATIONAL LIMITED,LEO3,Earnings after the course,1,26/01/2021,-
10037364,CECOS COMPUTING INTERNATIONAL LIMITED,LEO5,Earnings after the course,1,26/01/2021,-
10037449,University of St Mark and St John,LEO3,Earnings after the course,32,26/01/2021,-
10037449,University of St Mark and St John,LEO5,Earnings after the course,32,26/01/2021,-
10039958,BIRMINGHAM COMMUNITY HEALTHCARE NHS FOUNDATION TRUST,LEO3,Earnings after the course,1,26/01/2021,-
10039958,BIRMINGHAM COMMUNITY HEALTHCARE NHS FOUNDATION TRUST,LEO5,Earnings after the course,1,26/01/2021,-
10040812,Harper Adams University,LEO3,Earnings after the course,52,26/01/2021,-
10040812,Harper Adams University,LEO5,Earnings after the course,52,26/01/2021,-
10041563,SHOCKOUT ARTS LTD,LEO3,Earnings after the course,3,26/01/2021,-
10041563,SHOCKOUT ARTS LTD,LEO5,Earnings after the course,3,26/01/2021,-
10043164,UCFB COLLEGE OF FOOTBALL BUSINESS LIMITED,LEO3,Earnings after the course,36,26/01/2021,-
10043164,UCFB COLLEGE OF FOOTBALL BUSINESS LIMITED,LEO5,Earnings after the course,36,26/01/2021,-
10065146,CITY OF STOKE-ON-TRENT SIXTH FORM COLLEGE,LEO3,Earnings after the course,4,26/01/2021,-
10065146,CITY OF STOKE-ON-TRENT SIXTH FORM COLLEGE,LEO5,Earnings after the course,4,26/01/2021,-
10067853,ACM Guildford Limited,LEO3,Earnings after the course,2,26/01/2021,-
10067853,ACM Guildford Limited,LEO5,Earnings after the course,2,26/01/2021,-
10068157,University Centre Peterborough,LEO3,Earnings after the course,18,26/01/2021,-
10068157,University Centre Peterborough,LEO5,Earnings after the course,15,26/01/2021,-
10080811,Hartpury University,LEO3,Earnings after the course,47,26/01/2021,-
10080811,Hartpury University,LEO5,Earnings after the course,47,26/01/2021,-
10085293,WATERBEAR EDUCATION LTD,LEO3,Earnings after the course,2,26/01/2021,-
10085293,WATERBEAR EDUCATION LTD,LEO5,Earnings after the course,2,26/01/2021,-
10086107,FOURTH MONKEY EDUCATION LIMITED,LEO3,Earnings after the course,1,26/01/2021,-
10086107,FOURTH MONKEY EDUCATION LIMITED,LEO5,Earnings after the course,1,26/01/2021,-
99999998,Hull York Medical School,LEO3,Earnings after the course,2,26/01/2021,-
99999998,Hull York Medical School,LEO5,Earnings after the course,2,26/01/2021,-
99999999,Brighton and Sussex Medical School,LEO3,Earnings after the course,1,26/01/2021,-
99999999,Brighton and Sussex Medical School,LEO5,Earnings after the course,1,26/01/2021,-
10000055,Abingdon and Witney College,KISCOURSE,All sections,3,02/02/2021,-
10006549,Telford College,KISCOURSE,All sections,2,02/02/2021,-
10006963,New City College,KISCOURSE,All sections,1,02/02/2021,-
10007148,The University of Huddersfield,CONTINUATION,After 1 year on the course,3,02/02/2021,-
10007148,The University of Huddersfield,ENTRY,Entry information,4,02/02/2021,-
10007148,The University of Huddersfield,NHSNSS,Student satisfaction,4,02/02/2021,-
10007148,The University of Huddersfield,NSS,Student satisfaction,3,02/02/2021,-
10007148,The University of Huddersfield,TARIFF,Entry information,4,02/02/2021,-
10007148,The University of Huddersfield,COMMON,Employment 15 months after the course,2,02/02/2021,-
10007148,The University of Huddersfield,EMPLOYMENT,Employment 15 months after the course,2,02/02/2021,-
10007148,The University of Huddersfield,GOVOICEWORK,Graduate perceptions,2,02/02/2021,-
10007148,The University of Huddersfield,JOBTYPE,Employment 15 months after the course,2,02/02/2021,-
10007148,The University of Huddersfield,GOSALARY,Earnings after the course,2,02/02/2021,-
10007148,The University of Huddersfield,LEO3,Earnings after the course,2,02/02/2021,-
10007148,The University of Huddersfield,LEO5,Earnings after the course,2,02/02/2021,-
10007149,The University of Hull,KISCOURSE,All sections,1,02/02/2021,-
10007160,The University of Surrey,KISCOURSE,All sections,15,02/02/2021,-
10007792,The University of Exeter,KISCOURSE,All sections,5,02/02/2021,-
10007823,Edge Hill University,KISCOURSE,All sections,13,02/02/2021,-
10007823,Edge Hill University,COMMON,Employment 15 months after the course,1,02/02/2021,-
10007823,Edge Hill University,CONTINUATION,After 1 year on the course,1,02/02/2021,-
10007823,Edge Hill University,EMPLOYMENT,Employment 15 months after the course,1,02/02/2021,-
10007823,Edge Hill University,ENTRY,Entry information,1,02/02/2021,-
10007823,Edge Hill University,GOVOICEWORK,Graduate perceptions,1,02/02/2021,-
10007823,Edge Hill University,JOBTYPE,Employment 15 months after the course,1,02/02/2021,-
10007823,Edge Hill University,NHSNSS,Student satisfaction,1,02/02/2021,-
10007823,Edge Hill University,NSS,Student satisfaction,1,02/02/2021,-
10007823,Edge Hill University,GOSALARY,Earnings after the course,1,02/02/2021,-
10007823,Edge Hill University,LEO3,Earnings after the course,1,02/02/2021,-
10007823,Edge Hill University,LEO5,Earnings after the course,1,02/02/2021,-
10007823,Edge Hill University,TARIFF,Entry information,1,02/02/2021,-
10007938,Grimsby Institute of Further and Higher Education,COMMON,Employment 15 months after the course,7,02/02/2021,-
10007938,Grimsby Institute of Further and Higher Education,CONTINUATION,After 1 year on the course,8,02/02/2021,-
10007938,Grimsby Institute of Further and Higher Education,EMPLOYMENT,Employment 15 months after the course,7,02/02/2021,-
10007938,Grimsby Institute of Further and Higher Education,ENTRY,Entry information,8,02/02/2021,-
10007938,Grimsby Institute of Further and Higher Education,GOVOICEWORK,Graduate perceptions,7,02/02/2021,-
10007938,Grimsby Institute of Further and Higher Education,JOBTYPE,Employment 15 months after the course,7,02/02/2021,-
10007938,Grimsby Institute of Further and Higher Education,NHSNSS,Student satisfaction,7,02/02/2021,-
10007938,Grimsby Institute of Further and Higher Education,NSS,Student satisfaction,7,02/02/2021,-
10007938,Grimsby Institute of Further and Higher Education,GOSALARY,Earnings after the course,7,02/02/2021,-
10007938,Grimsby Institute of Further and Higher Education,LEO3,Earnings after the course,7,02/02/2021,-
10007938,Grimsby Institute of Further and Higher Education,LEO5,Earnings after the course,7,02/02/2021,-
10007938,Grimsby Institute of Further and Higher Education,TARIFF,Entry information,8,02/02/2021,-
10007938,Grimsby Institute of Further and Higher Education,KISCOURSE,All sections,6,02/02/2021,-
10015506,The London College UCK,KISCOURSE,All sections,12,02/02/2021,-
10000536,Barnsley College,KISCOURSE,All sections,5,09/02/2021,-
10001005,Bury College,KISCOURSE,All sections,4,09/02/2021,-
10003614,The University of Winchester,KISCOURSE,All sections,2,09/02/2021,-
10003928,Lincoln College,KISCOURSE,All sections,8,09/02/2021,-
10004718,North Warwickshire and South Leicestershire College,KISCOURSE,All sections,3,09/02/2021,-
10005946,Solihull College and University Centre,KISCOURSE,All sections,3,09/02/2021,-
10006299,Staffordshire University,KISCOURSE,All sections,3,09/02/2021,-
10007148,The University of Huddersfield,KISCOURSE,All sections,1,09/02/2021,-
10036456,Backstage Academy (Training) Ltd,INSTITUTION,All sections,N/A,09/02/2021,-
10000961,Brunel University London,KISCOURSE,All sections,18,16/02/2021,-
10000975,Buckinghamshire New University,KISCOURSE,All sections,24,16/02/2021,-
10006841,The University of Bolton,KISCOURSE,All sections,30,16/02/2021,-
10043164,UCFB COLLEGE OF FOOTBALL BUSINESS LIMITED,INSTITUTION,All sections,N/A,16/02/2021,-
10007145,University of Gloucestershire,KISCOURSE,All sections,4,23/02/2021,-
10007149,The University of Hull,KISCOURSE,All sections,4,23/02/2021,-
10007165,The University of Westminster,KISCOURSE,All sections,1,23/02/2021,-
10007789,The University of East Anglia,KISCOURSE,All sections,4,23/02/2021,-
10007855,Swansea University,KISCOURSE,All sections,21,23/02/2021,-
10040812,Harper Adams University,KISCOURSE,All sections,13,23/02/2021,-
10067648,University Academy 92 Limited,INSTITUTION,All sections,N/A,23/02/2021,-
10004180,The Manchester Metropolitan University,ENTRY,Entry information,3,02/03/2021,-
10004180,The Manchester Metropolitan University,NHSNSS,Student satisfaction,1,02/03/2021,-
10004180,The Manchester Metropolitan University,NSS,Student satisfaction,2,02/03/2021,-
10004180,The Manchester Metropolitan University,TARIFF,Entry information,3,02/03/2021,-
10004180,The Manchester Metropolitan University,COMMON,Employment 15 months after the course,1,02/03/2021,-
10004180,The Manchester Metropolitan University,CONTINUATION,After 1 year on the course,1,02/03/2021,-
10004180,The Manchester Metropolitan University,EMPLOYMENT,Employment 15 months after the course,1,02/03/2021,-
10004180,The Manchester Metropolitan University,GOVOICEWORK,Graduate perceptions,1,02/03/2021,-
10004180,The Manchester Metropolitan University,JOBTYPE,Employment 15 months after the course,1,02/03/2021,-
10004180,The Manchester Metropolitan University,GOSALARY,Earnings after the course,1,02/03/2021,-
10004180,The Manchester Metropolitan University,LEO3,Earnings after the course,1,02/03/2021,-
10004180,The Manchester Metropolitan University,LEO5,Earnings after the course,1,02/03/2021,-
10004180,The Manchester Metropolitan University,KISCOURSE,All sections,58,02/03/2021,-
10006398,SUFFOLK NEW COLLEGE,KISCOURSE,All sections,2,02/03/2021,-
10007159,The University of Sunderland,KISCOURSE,All sections,12,02/03/2021,-
10007789,The University of East Anglia,KISCOURSE,All sections,1,02/03/2021,-
10000721,Bishop Burton College,KISCOURSE,All sections,14,09/03/2021,-
10005127,Plymouth College of Art,KISCOURSE,All sections,2,09/03/2021,-
10002917,HARTLEPOOL COLLEGE OF FURTHER EDUCATION,KISCOURSE,All sections,1,16/03/2021,-
10003614,The University of Winchester,KISCOURSE,All sections,1,16/03/2021,-
10006341,THE EDUCATION TRAINING COLLECTIVE,KISCOURSE,All sections,5,16/03/2021,-
10007137,The University of Chichester,KISCOURSE,All sections,9,16/03/2021,-
10007139,University of Worcester,KISCOURSE,All sections,45,16/03/2021,-
10007160,The University of Surrey,KISCOURSE,All sections,1,16/03/2021,-
10007161,Teesside University,KISCOURSE,All sections,8,16/03/2021,-
10000291,Anglia Ruskin University,COMMON AND/OR JOBLIST,Employment 15 months after the course,58,23/03/2021,-
10000291,Anglia Ruskin University,JOBTYPE,Employment 15 months after the course,93,23/03/2021,-
10000291,Anglia Ruskin University,EMPLOYMENT,Employment 15 months after the course,80,23/03/2021,-
10000291,Anglia Ruskin University,GOSALARY,Earnings after the course,100,23/03/2021,-
10000291,Anglia Ruskin University,ENTRY,Entry information,5,23/03/2021,-
10000291,Anglia Ruskin University,GOVOICEWORK,Graduate perceptions,74,23/03/2021,-
10000291,Anglia Ruskin University,COMMON,Employment 15 months after the course,39,23/03/2021,-
10000291,Anglia Ruskin University,LEO3,Earnings after the course,34,23/03/2021,-
10000291,Anglia Ruskin University,LEO5,Earnings after the course,34,23/03/2021,-
10000291,Anglia Ruskin University,CONTINUATION,After 1 year on the course,1,23/03/2021,-
10000886,The University of Brighton,EMPLOYMENT,Employment 15 months after the course,17,23/03/2021,-
10000886,The University of Brighton,COMMON,Employment 15 months after the course,7,23/03/2021,-
10000886,The University of Brighton,GOVOICEWORK,Graduate perceptions,7,23/03/2021,-
10000886,The University of Brighton,JOBTYPE,Employment 15 months after the course,8,23/03/2021,-
10000886,The University of Brighton,GOSALARY,Earnings after the course,7,23/03/2021,-
10000886,The University of Brighton,COMMON AND/OR JOBLIST,Employment 15 months after the course,1,23/03/2021,-
10000948,Bromley College of Further and Higher Education,ENTRY,Entry information,1,23/03/2021,-
10000948,Bromley College of Further and Higher Education,NSS,Student satisfaction,1,23/03/2021,-
10001143,Canterbury Christ Church University,COMMON,Employment 15 months after the course,161,23/03/2021,-
10001143,Canterbury Christ Church University,EMPLOYMENT,Employment 15 months after the course,354,23/03/2021,-
10001143,Canterbury Christ Church University,GOVOICEWORK,Graduate perceptions,373,23/03/2021,-
10001143,Canterbury Christ Church University,JOBTYPE,Employment 15 months after the course,351,23/03/2021,-
10001143,Canterbury Christ Church University,GOSALARY,Earnings after the course,358,23/03/2021,-
10001143,Canterbury Christ Church University,COMMON AND/OR JOBLIST,Employment 15 months after the course,284,23/03/2021,-
10001143,Canterbury Christ Church University,CONTINUATION,After 1 year on the course,124,23/03/2021,-
10001143,Canterbury Christ Church University,NSS,Student satisfaction,16,23/03/2021,-
10001143,Canterbury Christ Church University,ENTRY,Entry information,30,23/03/2021,-
10001143,Canterbury Christ Church University,LEO3,Earnings after the course,56,23/03/2021,-
10001143,Canterbury Christ Church University,LEO5,Earnings after the course,56,23/03/2021,-
10001726,Coventry University,CONTINUATION,After 1 year on the course,7,23/03/2021,-
10003674,South Thames Colleges Group,COMMON AND/OR JOBLIST,Employment 15 months after the course,3,23/03/2021,-
10003956,Liverpool Hope University,COMMON AND/OR JOBLIST,Employment 15 months after the course,101,23/03/2021,-
10004048,London Metropolitan University,CONTINUATION,After 1 year on the course,115,23/03/2021,-
10004048,London Metropolitan University,EMPLOYMENT,Employment 15 months after the course,104,23/03/2021,-
10004048,London Metropolitan University,COMMON AND/OR JOBLIST,Employment 15 months after the course,12,23/03/2021,-
10004048,London Metropolitan University,GOVOICEWORK,Graduate perceptions,98,23/03/2021,-
10004048,London Metropolitan University,JOBTYPE,Employment 15 months after the course,100,23/03/2021,-
10004048,London Metropolitan University,GOSALARY,Earnings after the course,63,23/03/2021,-
10004048,London Metropolitan University,COMMON,Employment 15 months after the course,90,23/03/2021,-
10004048,London Metropolitan University,LEO3,Earnings after the course,34,23/03/2021,-
10004048,London Metropolitan University,LEO5,Earnings after the course,34,23/03/2021,-
10004048,London Metropolitan University,ENTRY,Entry information,13,23/03/2021,-
10004930,Oxford Brookes University,COMMON AND/OR JOBLIST,Employment 15 months after the course,9,23/03/2021,-
10004930,Oxford Brookes University,EMPLOYMENT,Employment 15 months after the course,46,23/03/2021,-
10004930,Oxford Brookes University,GOVOICEWORK,Graduate perceptions,7,23/03/2021,-
10004930,Oxford Brookes University,JOBTYPE,Employment 15 months after the course,15,23/03/2021,-
10004930,Oxford Brookes University,GOSALARY,Earnings after the course,8,23/03/2021,-
10004930,Oxford Brookes University,CONTINUATION,After 1 year on the course,37,23/03/2021,-
10004930,Oxford Brookes University,COMMON,Employment 15 months after the course,10,23/03/2021,-
10004930,Oxford Brookes University,TARIFF,Entry information,1,23/03/2021,-
10004930,Oxford Brookes University,ENTRY,Entry information,11,23/03/2021,-
10004930,Oxford Brookes University,NSS,Student satisfaction,7,23/03/2021,-
10004930,Oxford Brookes University,NHSNSS,Student satisfaction,2,23/03/2021,-
10005128,City College Plymouth,COMMON AND/OR JOBLIST,Employment 15 months after the course,6,23/03/2021,-
10005343,Queen's University Belfast,GOSALARY,Earnings after the course,6,23/03/2021,-
10007146,The University of Greenwich,GOSALARY,Earnings after the course,4,23/03/2021,-
10007146,The University of Greenwich,COMMON AND/OR JOBLIST,Employment 15 months after the course,3,23/03/2021,-
10007146,The University of Greenwich,GOVOICEWORK,Graduate perceptions,3,23/03/2021,-
10007146,The University of Greenwich,JOBTYPE,Employment 15 months after the course,3,23/03/2021,-
10007148,The University of Huddersfield,KISCOURSE,All sections,3,23/03/2021,-
10007166,The University of Wolverhampton,KISCOURSE,All sections,54,23/03/2021,-
10007759,Aston University,COMMON,Employment 15 months after the course,5,23/03/2021,-
10007759,Aston University,EMPLOYMENT,Employment 15 months after the course,5,23/03/2021,-
10007759,Aston University,GOVOICEWORK,Graduate perceptions,5,23/03/2021,-
10007759,Aston University,JOBTYPE,Employment 15 months after the course,5,23/03/2021,-
10007759,Aston University,GOSALARY,Earnings after the course,5,23/03/2021,-
10007773,The Open University,GOSALARY,Earnings after the course,7,23/03/2021,-
10007789,The University of East Anglia,JOBTYPE,Employment 15 months after the course,2,23/03/2021,-
10007791,The University of Essex,COMMON,Employment 15 months after the course,70,23/03/2021,-
10007791,The University of Essex,GOVOICEWORK,Graduate perceptions,104,23/03/2021,-
10007791,The University of Essex,JOBTYPE,Employment 15 months after the course,100,23/03/2021,-
10007791,The University of Essex,GOSALARY,Earnings after the course,108,23/03/2021,-
10007791,The University of Essex,COMMON AND/OR JOBLIST,Employment 15 months after the course,34,23/03/2021,-
10007791,The University of Essex,EMPLOYMENT,Employment 15 months after the course,95,23/03/2021,-
10007791,The University of Essex,NSS,Student satisfaction,23,23/03/2021,-
10007791,The University of Essex,LEO3,Earnings after the course,8,23/03/2021,-
10007791,The University of Essex,LEO5,Earnings after the course,8,23/03/2021,-
10007791,The University of Essex,TARIFF,Entry information,4,23/03/2021,-
10007791,The University of Essex,CONTINUATION,After 1 year on the course,5,23/03/2021,-
10007852,The University of Dundee,CONTINUATION,After 1 year on the course,4,23/03/2021,-
10007852,The University of Dundee,ENTRY,Entry information,1,23/03/2021,-
10080811,Hartpury University,COMMON AND/OR JOBLIST,Employment 15 months after the course,45,23/03/2021,-
10083403,TEDI-London,INSTITUTION,All sections,N/A,23/03/2021,-
10001726,Coventry University,CONTINUATION,After 1 year on the course,2,30/03/2021,-
10001726,Coventry University,ENTRY,Entry information,2,30/03/2021,-
10001726,Coventry University,NSS,Student satisfaction,2,30/03/2021,-
10001726,Coventry University,TARIFF,Entry information,2,30/03/2021,-
10001726,Coventry University,KISCOURSE,All sections,10,30/03/2021,-
10001726,Coventry University,COMMON,Employment 15 months after the course,1,30/03/2021,-
10001726,Coventry University,EMPLOYMENT,Employment 15 months after the course,1,30/03/2021,-
10001726,Coventry University,GOVOICEWORK,Graduate perceptions,1,30/03/2021,-
10001726,Coventry University,JOBTYPE,Employment 15 months after the course,1,30/03/2021,-
10001726,Coventry University,GOSALARY,Earnings after the course,1,30/03/2021,-
10001726,Coventry University,LEO3,Earnings after the course,1,30/03/2021,-
10001726,Coventry University,LEO5,Earnings after the course,1,30/03/2021,-
10007148,The University of Huddersfield,KISCOURSE,All sections,3,30/03/2021,-
10007157,The University of Sheffield,KISCOURSE,All sections,5,30/03/2021,-
10007785,The University of Bradford,KISCOURSE,All sections,4,30/03/2021,-
10014001,University of Suffolk,KISCOURSE,All sections,10,30/03/2021,-
10000886,The University of Brighton,KISCOURSE,All sections,3,06/04/2021,-
10004775,Norwich University of the Arts,KISCOURSE,All sections,1,06/04/2021,-
10007842,University of Cumbria,KISCOURSE,All sections,7,06/04/2021,-
10007851,University of Derby,KISCOURSE,All sections,28,06/04/2021,-
10007851,University of Derby,CONTINUATION,After 1 year on the course,1,06/04/2021,-
10007851,University of Derby,ENTRY,Entry information,1,06/04/2021,-
10007851,University of Derby,NSS,Student satisfaction,1,06/04/2021,-
10007851,University of Derby,TARIFF,Entry information,1,06/04/2021,-
10004351,Middlesex University,KISCOURSE,All sections,2,13/04/2021,-
10007147,University of Hertfordshire,ENTRY,Entry information,2,13/04/2021,-
10007147,University of Hertfordshire,NSS,Student satisfaction,2,13/04/2021,-
10007147,University of Hertfordshire,TARIFF,Entry information,2,13/04/2021,-
10007147,University of Hertfordshire,KISCOURSE,All sections,73,13/04/2021,-
10007156,The University of Salford,KISCOURSE,All sections,106,13/04/2021,-
10007156,The University of Salford,NHSNSS,Student satisfaction,1,13/04/2021,-
10001282,University of Northumbria at Newcastle,CONTINUATION,After 1 year on the course,1,20/04/2021,-
10001282,University of Northumbria at Newcastle,ENTRY,Entry information,1,20/04/2021,-
10001282,University of Northumbria at Newcastle,NHSNSS,Student satisfaction,1,20/04/2021,-
10001282,University of Northumbria at Newcastle,NSS,Student satisfaction,1,20/04/2021,-
10001282,University of Northumbria at Newcastle,TARIFF,Entry information,1,20/04/2021,-
10001282,University of Northumbria at Newcastle,KISCOURSE,All sections,2,20/04/2021,-
10006299,Staffordshire University,KISCOURSE,All sections,2,20/04/2021,-
10007157,The University of Sheffield,KISCOURSE,All sections,1,20/04/2021,-
10007789,The University of East Anglia,KISCOURSE,All sections,1,20/04/2021,-
10039956,The University of Law,KISCOURSE,All sections,3,20/04/2021,-
10000291,Anglia Ruskin University,ENTRY,Entry information,1,27/04/2021,-
10000291,Anglia Ruskin University,NSS,Student satisfaction,2,27/04/2021,-
10000291,Anglia Ruskin University,KISCOURSE,All sections,63,27/04/2021,-
10007152,University of Bedfordshire,KISCOURSE,All sections,65,27/04/2021,-
10007459,Weston College of Further and Higher Education,KISCOURSE,All sections,11,27/04/2021,-
10007767,Keele University,KISCOURSE,All sections,7,27/04/2021,-
10007775,Queen Mary University of London,KISCOURSE,All sections,34,27/04/2021,-
10007148,The University of Huddersfield,KISCOURSE,All sections,8,04/05/2021,-
10007149,The University of Hull,KISCOURSE,All sections,24,04/05/2021,-
10007159,The University of Sunderland,KISCOURSE,All sections,1,04/05/2021,-
10007459,Weston College of Further and Higher Education,CONTINUATION,After 1 year on the course,1,04/05/2021,-
10007459,Weston College of Further and Higher Education,ENTRY,Entry information,1,04/05/2021,-
10004048,London Metropolitan University,CONTINUATION,After 1 year on the course,1,11/05/2021,-
10004048,London Metropolitan University,ENTRY,Entry information,1,11/05/2021,-
10004048,London Metropolitan University,TARIFF,Entry information,1,11/05/2021,-
10004048,London Metropolitan University,COMMON,Employment 15 months after the course,4,11/05/2021,-
10004048,London Metropolitan University,EMPLOYMENT,Employment 15 months after the course,4,11/05/2021,-
10004048,London Metropolitan University,GOVOICEWORK,Graduate perceptions,4,11/05/2021,-
10004048,London Metropolitan University,JOBTYPE,Employment 15 months after the course,4,11/05/2021,-
10004048,London Metropolitan University,GOSALARY,Earnings after the course,4,11/05/2021,-
10004048,London Metropolitan University,KISCOURSE,All sections,65,11/05/2021,-
10005553,Royal Holloway and Bedford New College,KISCOURSE,All sections,3,11/05/2021,-
10007148,The University of Huddersfield,KISCOURSE,All sections,2,11/05/2021,-
10007785,The University of Bradford,KISCOURSE,All sections,3,11/05/2021,-
10008640,Falmouth University,KISCOURSE,All sections,6,11/05/2021,-
10001282,University of Northumbria at Newcastle,KISCOURSE,All sections,1,18/05/2021,-
10007148,The University of Huddersfield,KISCOURSE,All sections,2,25/05/2021,-
10007855,Swansea University,KISCOURSE,All sections,5,25/05/2021,-
10000712,University College Birmingham,KISCOURSE,All sections,2,29/06/2021,-
10000824,Bournemouth University,KISCOURSE,All sections,40,29/06/2021,-
10000886,The University of Brighton,KISCOURSE,All sections,1,29/06/2021,-
10002843,Hadlow College,KISCOURSE,All sections,8,29/06/2021,-
10004116,EAST COAST COLLEGE,KISCOURSE,All sections,9,29/06/2021,-
10004797,The Nottingham Trent University,KISCOURSE,All sections,31,29/06/2021,-
10004797,The Nottingham Trent University,NSS,Student satisfaction,1,29/06/2021,-
10006299,Staffordshire University,NHSNSS,Student satisfaction,9,29/06/2021,-
10006299,Staffordshire University,KISCOURSE,All sections,5,29/06/2021,-
10006427,University for the Creative Arts,KISCOURSE,All sections,2,29/06/2021,-
10007146,The University of Greenwich,KISCOURSE,All sections,23,29/06/2021,-
10007767,Keele University,KISCOURSE,All sections,3,29/06/2021,-
10007823,Edge Hill University,NHSNSS,Student satisfaction,2,29/06/2021,-
10007823,Edge Hill University,KISCOURSE,All sections,23,29/06/2021,-
10039956,The University of Law,KISCOURSE,All sections,2,29/06/2021,-
10004078,London South Bank University,CONTINUATION,After 1 year on the course,2,29/06/2021,-
10004078,London South Bank University,EMPLOYMENT,Employment 15 months after the course,1,29/06/2021,-
10004078,London South Bank University,ENTRY,Entry information,2,29/06/2021,-
10004078,London South Bank University,NHSNSS,Student satisfaction,2,29/06/2021,-
10004078,London South Bank University,NSS,Student satisfaction,2,29/06/2021,-
10004078,London South Bank University,LEO3,Earnings after the course,1,29/06/2021,-
10004078,London South Bank University,LEO5,Earnings after the course,1,29/06/2021,-
10004078,London South Bank University,TARIFF,Entry information,1,29/06/2021,-
10004078,London South Bank University,KISCOURSE,All sections,65,29/06/2021,-
10006022,Solent University,COMMON,Employment 15 months after the course,6,29/06/2021,-
10006022,Solent University,CONTINUATION,After 1 year on the course,6,29/06/2021,-
10006022,Solent University,EMPLOYMENT,Employment 15 months after the course,6,29/06/2021,-
10006022,Solent University,ENTRY,Entry information,6,29/06/2021,-
10006022,Solent University,GOVOICEWORK,Graduate perceptions,6,29/06/2021,-
10006022,Solent University,JOBTYPE,Employment 15 months after the course,6,29/06/2021,-
10006022,Solent University,NHSNSS,Student satisfaction,6,29/06/2021,-
10006022,Solent University,NSS,Student satisfaction,6,29/06/2021,-
10006022,Solent University,GOSALARY,Earnings after the course,6,29/06/2021,-
10006022,Solent University,TARIFF,Entry information,6,29/06/2021,-
10006022,Solent University,LEO3,Earnings after the course,2,29/06/2021,-
10006022,Solent University,LEO5,Earnings after the course,2,29/06/2021,-
10007802,The University of Reading,KISCOURSE,All sections,32,29/06/2021,-
10007802,The University of Reading,NHSNSS,Student satisfaction,7,29/06/2021,-
10000975,Buckinghamshire New University,KISCOURSE,All sections,8,06/07/2021,-
10003614,The University of Winchester,KISCOURSE,All sections,1,06/07/2021,-
10004686,North East Surrey College of Technology (NESCOT),KISCOURSE,All sections,10,06/07/2021,-
10004686,North East Surrey College of Technology (NESCOT),ENTRY,Entry information,1,06/07/2021,-
10004686,North East Surrey College of Technology (NESCOT),NSS,Student satisfaction,1,06/07/2021,-
10006427,University for the Creative Arts,KISCOURSE,All sections,2,06/07/2021,-
10006840,The University of Birmingham,KISCOURSE,All sections,2,06/07/2021,-
10007843,"St Mary's University, Twickenham",KISCOURSE,All sections,5,06/07/2021,-
10000961,Brunel University London,KISCOURSE,All sections,10,14/07/2021,-
10000961,Brunel University London,COMMON,Employment 15 months after the course,1,14/07/2021,-
10000961,Brunel University London,CONTINUATION,After 1 year on the course,1,14/07/2021,-
10000961,Brunel University London,EMPLOYMENT,Employment 15 months after the course,1,14/07/2021,-
10000961,Brunel University London,GOVOICEWORK,Graduate perceptions,1,14/07/2021,-
10000961,Brunel University London,JOBTYPE,Employment 15 months after the course,1,14/07/2021,-
10000961,Brunel University London,GOSALARY,Earnings after the course,1,14/07/2021,-
10001282,University of Northumbria at Newcastle,KISCOURSE,All sections,6,14/07/2021,-
10001282,University of Northumbria at Newcastle,NHSNSS,Student satisfaction,8,14/07/2021,-
10002718,Goldsmiths College,COMMON,Employment 15 months after the course,1,14/07/2021,-
10002718,Goldsmiths College,CONTINUATION,After 1 year on the course,1,14/07/2021,-
10002718,Goldsmiths College,EMPLOYMENT,Employment 15 months after the course,1,14/07/2021,-
10002718,Goldsmiths College,ENTRY,Entry information,1,14/07/2021,-
10002718,Goldsmiths College,GOVOICEWORK,Graduate perceptions,1,14/07/2021,-
10002718,Goldsmiths College,JOBTYPE,Employment 15 months after the course,1,14/07/2021,-
10002718,Goldsmiths College,NHSNSS,Student satisfaction,1,14/07/2021,-
10002718,Goldsmiths College,NSS,Student satisfaction,1,14/07/2021,-
10002718,Goldsmiths College,GOSALARY,Earnings after the course,1,14/07/2021,-
10002718,Goldsmiths College,TARIFF,Entry information,1,14/07/2021,-
10002718,Goldsmiths College,KISCOURSE,All sections,20,14/07/2021,-
10004116,EAST COAST COLLEGE,ENTRY,Entry information,3,14/07/2021,-
10004116,EAST COAST COLLEGE,CONTINUATION,After 1 year on the course,1,14/07/2021,-
10004116,EAST COAST COLLEGE,KISCOURSE,All sections,3,14/07/2021,-
10004599,NCG,ENTRY,Entry information,7,14/07/2021,-
10004599,NCG,NSS,Student satisfaction,5,14/07/2021,-
10004599,NCG,CONTINUATION,After 1 year on the course,2,14/07/2021,-
10004599,NCG,TARIFF,Entry information,1,14/07/2021,-
10004599,NCG,EMPLOYMENT,Employment 15 months after the course,1,14/07/2021,-
10004599,NCG,KISCOURSE,All sections,18,14/07/2021,-
10007148,The University of Huddersfield,NHSNSS,Student satisfaction,7,14/07/2021,-
10007148,The University of Huddersfield,KISCOURSE,All sections,1,14/07/2021,-
10007823,Edge Hill University,KISCOURSE,All sections,4,14/07/2021,-
10014001,University of Suffolk,NHSNSS,Student satisfaction,2,14/07/2021,-
10014001,University of Suffolk,KISCOURSE,All sections,12,14/07/2021,-
10006093,Spurgeon's College,KISCOURSE,All sections,13,21/07/2021,-
10006093,Spurgeon's College,COMMON,Employment 15 months after the course,1,21/07/2021,-
10006093,Spurgeon's College,CONTINUATION,After 1 year on the course,2,21/07/2021,-
10006093,Spurgeon's College,EMPLOYMENT,Employment 15 months after the course,1,21/07/2021,-
10006093,Spurgeon's College,ENTRY,Entry information,2,21/07/2021,-
10006093,Spurgeon's College,JOBTYPE,Employment 15 months after the course,1,21/07/2021,-
10006093,Spurgeon's College,NSS,Student satisfaction,1,21/07/2021,-
10007148,The University of Huddersfield,KISCOURSE,All sections,1,21/07/2021,-
10007148,The University of Huddersfield,ENTRY,Entry information,5,21/07/2021,-
10007148,The University of Huddersfield,TARIFF,Entry information,5,21/07/2021,-
10007148,The University of Huddersfield,CONTINUATION,After 1 year on the course,3,21/07/2021,-
10007148,The University of Huddersfield,NHSNSS,Student satisfaction,3,21/07/2021,-
10007148,The University of Huddersfield,NSS,Student satisfaction,3,21/07/2021,-
10007148,The University of Huddersfield,COMMON,Employment 15 months after the course,2,21/07/2021,-
10007148,The University of Huddersfield,EMPLOYMENT,Employment 15 months after the course,2,21/07/2021,-
10007148,The University of Huddersfield,GOVOICEWORK,Graduate perceptions,2,21/07/2021,-
10007148,The University of Huddersfield,JOBTYPE,Employment 15 months after the course,2,21/07/2021,-
10007148,The University of Huddersfield,GOSALARY,Earnings after the course,2,21/07/2021,-
10007148,The University of Huddersfield,LEO3,Earnings after the course,2,21/07/2021,-
10007148,The University of Huddersfield,LEO5,Earnings after the course,2,21/07/2021,-
10003614,The University of Winchester,KISCOURSE,All sections,8,28/07/2021,-
10007139,University of Worcester,NHSNSS,Student satisfaction,7,28/07/2021,-
10007139,University of Worcester,KISCOURSE,All sections,32,28/07/2021,-
10000291,Anglia Ruskin University,COMMON,Employment 15 months after the course,4,04/08/2021,-
10000291,Anglia Ruskin University,CONTINUATION,After 1 year on the course,4,04/08/2021,-
10000291,Anglia Ruskin University,EMPLOYMENT,Employment 15 months after the course,4,04/08/2021,-
10000291,Anglia Ruskin University,ENTRY,Entry information,4,04/08/2021,-
10000291,Anglia Ruskin University,GOVOICEWORK,Graduate perceptions,4,04/08/2021,-
10000291,Anglia Ruskin University,JOBTYPE,Employment 15 months after the course,4,04/08/2021,-
10000291,Anglia Ruskin University,NHSNSS,Student satisfaction,9,04/08/2021,-
10000291,Anglia Ruskin University,NSS,Student satisfaction,4,04/08/2021,-
10000291,Anglia Ruskin University,GOSALARY,Earnings after the course,4,04/08/2021,-
10000291,Anglia Ruskin University,TARIFF,Entry information,4,04/08/2021,-
10000291,Anglia Ruskin University,LEO3,Earnings after the course,3,04/08/2021,-
10000291,Anglia Ruskin University,LEO5,Earnings after the course,3,04/08/2021,-
10000291,Anglia Ruskin University,KISCOURSE,All sections,15,04/08/2021,-
10000961,Brunel University London,KISCOURSE,All sections,3,04/08/2021,-
10000961,Brunel University London,COMMON AND/OR JOBLIST,Employment 15 months after the course,2,04/08/2021,-
10000961,Brunel University London,EMPLOYMENT,Employment 15 months after the course,7,04/08/2021,-
10000961,Brunel University London,JOBTYPE,Employment 15 months after the course,6,04/08/2021,-
10000961,Brunel University London,NSS,Student satisfaction,29,04/08/2021,-
10000961,Brunel University London,GOVOICEWORK,Graduate perceptions,4,04/08/2021,-
10000961,Brunel University London,COMMON,Employment 15 months after the course,4,04/08/2021,-
10000961,Brunel University London,GOSALARY,Earnings after the course,3,04/08/2021,-
10000961,Brunel University London,CONTINUATION,After 1 year on the course,3,04/08/2021,-
10000961,Brunel University London,ENTRY,Entry information,2,04/08/2021,-
10000961,Brunel University London,NHSNSS,Student satisfaction,2,04/08/2021,-
10000961,Brunel University London,TARIFF,Entry information,2,04/08/2021,-
10003614,The University of Winchester,KISCOURSE,All sections,1,04/08/2021,-
10004320,The Metanoia Institute,COMMON,Employment 15 months after the course,1,04/08/2021,-
10004320,The Metanoia Institute,CONTINUATION,After 1 year on the course,1,04/08/2021,-
10004320,The Metanoia Institute,EMPLOYMENT,Employment 15 months after the course,1,04/08/2021,-
10004320,The Metanoia Institute,GOVOICEWORK,Graduate perceptions,1,04/08/2021,-
10004320,The Metanoia Institute,JOBTYPE,Employment 15 months after the course,1,04/08/2021,-
10004320,The Metanoia Institute,GOSALARY,Earnings after the course,1,04/08/2021,-
10004320,The Metanoia Institute,KISCOURSE,All sections,2,04/08/2021,-
10007148,The University of Huddersfield,KISCOURSE,All sections,2,04/08/2021,-
10022022,LONDON SCHOOL OF OSTEOPATHY,COMMON,Employment 15 months after the course,2,04/08/2021,-
10022022,LONDON SCHOOL OF OSTEOPATHY,CONTINUATION,After 1 year on the course,2,04/08/2021,-
10022022,LONDON SCHOOL OF OSTEOPATHY,EMPLOYMENT,Employment 15 months after the course,2,04/08/2021,-
10022022,LONDON SCHOOL OF OSTEOPATHY,ENTRY,Entry information,2,04/08/2021,-
10022022,LONDON SCHOOL OF OSTEOPATHY,GOVOICEWORK,Graduate perceptions,2,04/08/2021,-
10022022,LONDON SCHOOL OF OSTEOPATHY,JOBTYPE,Employment 15 months after the course,2,04/08/2021,-
10022022,LONDON SCHOOL OF OSTEOPATHY,GOSALARY,Earnings after the course,2,04/08/2021,-
10022022,LONDON SCHOOL OF OSTEOPATHY,TARIFF,Entry information,1,04/08/2021,-
10004797,The Nottingham Trent University,KISCOURSE,All sections,35,11/08/2021,-
10004797,The Nottingham Trent University,COMMON,Employment 15 months after the course,1,11/08/2021,-
10004797,The Nottingham Trent University,CONTINUATION,After 1 year on the course,1,11/08/2021,-
10004797,The Nottingham Trent University,EMPLOYMENT,Employment 15 months after the course,1,11/08/2021,-
10004797,The Nottingham Trent University,ENTRY,Entry information,2,11/08/2021,-
10004797,The Nottingham Trent University,GOVOICEWORK,Graduate perceptions,1,11/08/2021,-
10004797,The Nottingham Trent University,JOBTYPE,Employment 15 months after the course,1,11/08/2021,-
10004797,The Nottingham Trent University,NSS,Student satisfaction,1,11/08/2021,-
10004797,The Nottingham Trent University,GOSALARY,Earnings after the course,1,11/08/2021,-
10004797,The Nottingham Trent University,LEO3,Earnings after the course,1,11/08/2021,-
10004797,The Nottingham Trent University,LEO5,Earnings after the course,1,11/08/2021,-
10004797,The Nottingham Trent University,TARIFF,Entry information,1,11/08/2021,-
10006427,University for the Creative Arts,KISCOURSE,All sections,2,11/08/2021,-
10007856,Aberystwyth University,KISCOURSE,All sections,81,11/08/2021,-
10015688,David Game College Ltd,ENTRY,Entry information,3,11/08/2021,-
10015688,David Game College Ltd,CONTINUATION,After 1 year on the course,2,11/08/2021,-
10015688,David Game College Ltd,NSS,Student satisfaction,2,11/08/2021,-
10015688,David Game College Ltd,KISCOURSE,All sections,2,11/08/2021,-
10020858,NOVA CENTRIC LIMITED,KISCOURSE,All sections,2,11/08/2021,-
10020858,NOVA CENTRIC LIMITED,TARIFF,Entry information,2,11/08/2021,-
10067406,New Model Institute for Technology and Engineering (NMITE),INSTITUTION,All sections,N/A,11/08/2021,-
